ISO3,Country / Territory,Year,Disaster Internal Displacements (Raw),Hazard Type
IDN,Indonesia,2018,40,Storm
IDN,Indonesia,2018,52,Storm
IDN,Indonesia,2018,1758,Flood
IDN,Indonesia,2018,4,Flood
PHL,Philippines,2018,4,Earthquake
IDN,Indonesia,2018,445343,Earthquake
IDN,Indonesia,2018,820,Flood
IDN,Indonesia,2018,25,Storm
IDN,Indonesia,2018,60,Storm
IDN,Indonesia,2018,56,Storm
IDN,Indonesia,2018,28,Storm
IDN,Indonesia,2018,247900,Earthquake
PHL,Philippines,2018,7358,Mass Movement
IDN,Indonesia,2018,42,Flood
IDN,Indonesia,2018,170,Flood
IDN,Indonesia,2018,740,Earthquake
IDN,Indonesia,2018,833,Flood
PHL,Philippines,2018,13925,Flood
VNM,Vietnam,2018,108,Flood
IDN,Indonesia,2018,2500,Flood
IDN,Indonesia,2018,297,Flood
IDN,Indonesia,2018,10646,Earthquake
IDN,Indonesia,2018,2000,Flood
IDN,Indonesia,2018,300,Flood
IDN,Indonesia,2018,100,Flood
IDN,Indonesia,2018,74,Flood
IDN,Indonesia,2018,10,Flood
VNM,Vietnam,2018,2000,Storm
IDN,Indonesia,2018,74,Flood
IDN,Indonesia,2018,11,Flood
IDN,Indonesia,2018,2,Mass Movement
IDN,Indonesia,2018,427,Flood
IDN,Indonesia,2018,244,Flood
IDN,Indonesia,2018,236,Flood
VNM,Vietnam,2018,22885,Flood
IDN,Indonesia,2018,64,Mass Movement
IDN,Indonesia,2018,2960,Storm
IDN,Indonesia,2018,46646,Volcanic activity
VNM,Vietnam,2018,2982,Flood
VNM,Vietnam,2018,6354,Storm
PHL,Philippines,2018,32309,Storm
VNM,Vietnam,2018,100000,Storm
PHL,Philippines,2018,183503,Storm
PHL,Philippines,2018,1570804,Storm
PHL,Philippines,2018,169,Wave action
PHL,Philippines,2018,438691,Storm
PHL,Philippines,2018,97688,Storm
PHL,Philippines,2018,902312,Storm
VNM,Vietnam,2018,3852,Storm
IDN,Indonesia,2019,4,Mass Movement
IDN,Indonesia,2019,7,Mass Movement
IDN,Indonesia,2019,4,Mass Movement
IDN,Indonesia,2019,177,Storm
IDN,Indonesia,2019,4,Storm
IDN,Indonesia,2019,4,Storm
IDN,Indonesia,2019,22,Storm
IDN,Indonesia,2019,4,Storm
IDN,Indonesia,2019,4,Storm
IDN,Indonesia,2019,4,Mass Movement
IDN,Indonesia,2019,4,Storm
IDN,Indonesia,2019,7,Mass Movement
IDN,Indonesia,2019,4,Mass Movement
IDN,Indonesia,2019,4,Storm
IDN,Indonesia,2019,4,Storm
IDN,Indonesia,2019,14,Storm
IDN,Indonesia,2019,116,Storm
IDN,Indonesia,2019,25,Storm
IDN,Indonesia,2019,4,Mass Movement
IDN,Indonesia,2019,11,Storm
IDN,Indonesia,2019,158,Flood
IDN,Indonesia,2019,4,Storm
IDN,Indonesia,2019,18,Storm
IDN,Indonesia,2019,14,Mass Movement
IDN,Indonesia,2019,4,Storm
IDN,Indonesia,2019,4,Storm
IDN,Indonesia,2019,7,Mass Movement
IDN,Indonesia,2019,4,Storm
IDN,Indonesia,2019,914,Flood
IDN,Indonesia,2019,4,Wildfire
IDN,Indonesia,2019,13,Mass Movement
IDN,Indonesia,2019,11,Flood
IDN,Indonesia,2019,4,Mass Movement
IDN,Indonesia,2019,4,Storm
PHL,Philippines,2019,830,Storm
IDN,Indonesia,2019,4,Storm
IDN,Indonesia,2019,30,Flood
PHL,Philippines,2019,120,Storm
IDN,Indonesia,2019,7,Mass Movement
IDN,Indonesia,2019,4,Wildfire
IDN,Indonesia,2019,7,Storm
VNM,Vietnam,2019,18,Storm
IDN,Indonesia,2019,4,Mass Movement
IDN,Indonesia,2019,18,Storm
IDN,Indonesia,2019,14,Storm
IDN,Indonesia,2019,5,Storm
IDN,Indonesia,2019,4,Flood
IDN,Indonesia,2019,40,Storm
IDN,Indonesia,2019,7,Flood
IDN,Indonesia,2019,4,Flood
IDN,Indonesia,2019,4,Storm
IDN,Indonesia,2019,684,Flood
IDN,Indonesia,2019,4,Storm
IDN,Indonesia,2019,3168,Earthquake
IDN,Indonesia,2019,11528,Flood
IDN,Indonesia,2019,18,Storm
PHL,Philippines,2019,6661,Storm
IDN,Indonesia,2019,4,Mass Movement
IDN,Indonesia,2019,152,Flood
IDN,Indonesia,2019,29,Storm
IDN,Indonesia,2019,65,Flood
IDN,Indonesia,2019,134,Storm
IDN,Indonesia,2019,170,Flood
IDN,Indonesia,2019,14,Storm
IDN,Indonesia,2019,54,Flood
IDN,Indonesia,2019,4,Flood
PHL,Philippines,2019,579,Flood
PHL,Philippines,2019,88,Flood
IDN,Indonesia,2019,40,Flood
IDN,Indonesia,2019,11,Flood
IDN,Indonesia,2019,7,Flood
IDN,Indonesia,2019,4,Flood
IDN,Indonesia,2019,29,Storm
IDN,Indonesia,2019,4,Storm
IDN,Indonesia,2019,14,Storm
IDN,Indonesia,2019,4,Mass Movement
IDN,Indonesia,2019,7,Storm
IDN,Indonesia,2019,22,Storm
PHL,Philippines,2019,1913,Flood
IDN,Indonesia,2019,393,Flood
IDN,Indonesia,2019,4,Flood
IDN,Indonesia,2019,7,Flood
IDN,Indonesia,2019,6,Mass Movement
IDN,Indonesia,2019,20,Volcanic activity
IDN,Indonesia,2019,7,Storm
IDN,Indonesia,2019,7,Storm
IDN,Indonesia,2019,7,Storm
IDN,Indonesia,2019,11,Storm
IDN,Indonesia,2019,4,Flood
IDN,Indonesia,2019,4,Storm
IDN,Indonesia,2019,33,Storm
IDN,Indonesia,2019,4,Mass Movement
IDN,Indonesia,2019,11,Storm
IDN,Indonesia,2019,14,Storm
IDN,Indonesia,2019,7,Storm
IDN,Indonesia,2019,14,Storm
IDN,Indonesia,2019,7,Flood
IDN,Indonesia,2019,7,Storm
IDN,Indonesia,2019,14,Storm
IDN,Indonesia,2019,8,Storm
IDN,Indonesia,2019,9788,Flood
IDN,Indonesia,2019,90,Storm
IDN,Indonesia,2019,29,Storm
IDN,Indonesia,2019,175,Flood
IDN,Indonesia,2019,6,Flood
IDN,Indonesia,2019,5,Storm
IDN,Indonesia,2019,4,Mass Movement
IDN,Indonesia,2019,5,Mass Movement
IDN,Indonesia,2019,365,Flood
IDN,Indonesia,2019,3,Mass Movement
IDN,Indonesia,2019,11,Mass Movement
IDN,Indonesia,2019,4702,Earthquake
IDN,Indonesia,2019,4,Mass Movement
IDN,Indonesia,2019,7,Mass Movement
IDN,Indonesia,2019,11079,Flood
IDN,Indonesia,2019,15,Mass Movement
IDN,Indonesia,2019,468,Flood
IDN,Indonesia,2019,4,Mass Movement
PHL,Philippines,2019,565,Storm
IDN,Indonesia,2019,555,Flood
IDN,Indonesia,2019,4,Storm
IDN,Indonesia,2019,550,Flood
IDN,Indonesia,2019,85,Flood
IDN,Indonesia,2019,80,Flood
IDN,Indonesia,2019,4,Mass Movement
VNM,Vietnam,2019,43,Storm
VNM,Vietnam,2019,252,Storm
IDN,Indonesia,2019,36,Storm
PHL,Philippines,2019,9556,Earthquake
VNM,Vietnam,2019,36,Storm
IDN,Indonesia,2019,405,Mass Movement
IDN,Indonesia,2019,4,Mass Movement
VNM,Vietnam,2019,436,Storm
IDN,Indonesia,2019,2029,Flood
PHL,Philippines,2019,4,Earthquake
IDN,Indonesia,2019,450,Flood
VNM,Vietnam,2019,4,Storm
IDN,Indonesia,2019,5,Mass Movement
IDN,Indonesia,2019,7,Mass Movement
IDN,Indonesia,2019,43,Mass Movement
VNM,Vietnam,2019,14,Storm
IDN,Indonesia,2019,2264,Flood
IDN,Indonesia,2019,5,Mass Movement
IDN,Indonesia,2019,4,Mass Movement
VNM,Vietnam,2019,4,Storm
PHL,Philippines,2019,1000,Flood
VNM,Vietnam,2019,40,Mass Movement
IDN,Indonesia,2019,100,Flood
IDN,Indonesia,2019,10,Flood
IDN,Indonesia,2019,543,Flood
IDN,Indonesia,2019,4,Storm
IDN,Indonesia,2019,13728,Flood
VNM,Vietnam,2019,72,Storm
IDN,Indonesia,2019,226,Flood
IDN,Indonesia,2019,61,Flood
IDN,Indonesia,2019,7,Mass Movement
IDN,Indonesia,2019,87,Flood
IDN,Indonesia,2019,30,Mass Movement
IDN,Indonesia,2019,60,Storm
IDN,Indonesia,2019,2793,Flood
IDN,Indonesia,2019,20,Flood
IDN,Indonesia,2019,5,Flood
IDN,Indonesia,2019,4,Storm
IDN,Indonesia,2019,40,Flood
IDN,Indonesia,2019,15,Storm
PHL,Philippines,2019,765,Earthquake
IDN,Indonesia,2019,39,Flood
IDN,Indonesia,2019,103,Flood
IDN,Indonesia,2019,36,Storm
IDN,Indonesia,2019,20,Flood
IDN,Indonesia,2019,49,Mass Movement
IDN,Indonesia,2019,771,Flood
IDN,Indonesia,2019,50,Flood
IDN,Indonesia,2019,4,Mass Movement
IDN,Indonesia,2019,11,Storm
IDN,Indonesia,2019,14,Flood
IDN,Indonesia,2019,20,Mass Movement
IDN,Indonesia,2019,4,Flood
IDN,Indonesia,2019,14,Storm
IDN,Indonesia,2019,62,Flood
IDN,Indonesia,2019,7840,Storm
IDN,Indonesia,2019,14,Storm
IDN,Indonesia,2019,178,Mass Movement
IDN,Indonesia,2019,96,Mass Movement
IDN,Indonesia,2019,80,Storm
IDN,Indonesia,2019,14,Mass Movement
IDN,Indonesia,2019,100,Flood
IDN,Indonesia,2019,19,Storm
IDN,Indonesia,2019,7,Storm
IDN,Indonesia,2019,7,Storm
IDN,Indonesia,2019,189,Flood
IDN,Indonesia,2019,240,Earthquake
IDN,Indonesia,2019,5,Storm
IDN,Indonesia,2019,4,Storm
IDN,Indonesia,2019,4,Wave action
IDN,Indonesia,2019,405,Flood
IDN,Indonesia,2019,1747,Flood
IDN,Indonesia,2019,7,Storm
IDN,Indonesia,2019,4,Mass Movement
IDN,Indonesia,2019,4,Storm
IDN,Indonesia,2019,4,Storm
IDN,Indonesia,2019,4,Storm
IDN,Indonesia,2019,4,Mass Movement
IDN,Indonesia,2019,4,Storm
IDN,Indonesia,2019,4,Storm
IDN,Indonesia,2019,2370,Flood
IDN,Indonesia,2019,5,Storm
IDN,Indonesia,2019,36,Flood
IDN,Indonesia,2019,4,Storm
IDN,Indonesia,2019,24,Flood
IDN,Indonesia,2019,4,Mass Movement
IDN,Indonesia,2019,18,Storm
IDN,Indonesia,2019,5,Mass Movement
IDN,Indonesia,2019,4,Mass Movement
IDN,Indonesia,2019,25,Storm
IDN,Indonesia,2019,4,Storm
IDN,Indonesia,2019,4,Storm
IDN,Indonesia,2019,4,Storm
IDN,Indonesia,2019,4,Mass Movement
IDN,Indonesia,2019,4,Storm
IDN,Indonesia,2019,5,Mass Movement
IDN,Indonesia,2019,43,Storm
IDN,Indonesia,2019,14,Storm
IDN,Indonesia,2019,4,Storm
IDN,Indonesia,2019,410,Storm
IDN,Indonesia,2019,4,Mass Movement
IDN,Indonesia,2019,4,Storm
IDN,Indonesia,2019,4,Mass Movement
IDN,Indonesia,2019,90,Flood
IDN,Indonesia,2019,5,Mass Movement
IDN,Indonesia,2019,4,Storm
IDN,Indonesia,2019,4,Storm
IDN,Indonesia,2019,4,Storm
IDN,Indonesia,2019,4,Storm
IDN,Indonesia,2019,11,Storm
IDN,Indonesia,2019,4,Storm
IDN,Indonesia,2019,7,Storm
IDN,Indonesia,2019,18,Storm
IDN,Indonesia,2019,18,Storm
IDN,Indonesia,2019,90,Mass Movement
IDN,Indonesia,2019,4,Mass Movement
IDN,Indonesia,2019,4,Storm
IDN,Indonesia,2019,7,Storm
IDN,Indonesia,2019,4,Storm
VNM,Vietnam,2019,176,Storm
PHL,Philippines,2019,1381,Storm
IDN,Indonesia,2019,7,Flood
IDN,Indonesia,2019,18,Wave action
IDN,Indonesia,2019,14,Mass Movement
IDN,Indonesia,2019,7,Storm
IDN,Indonesia,2019,4,Storm
IDN,Indonesia,2019,4,Storm
IDN,Indonesia,2019,2650,Flood
IDN,Indonesia,2019,162,Flood
IDN,Indonesia,2019,9429,Flood
IDN,Indonesia,2019,4,Storm
IDN,Indonesia,2019,12,Mass Movement
IDN,Indonesia,2019,4,Storm
IDN,Indonesia,2019,120,Flood
IDN,Indonesia,2019,9,Mass Movement
IDN,Indonesia,2019,160,Flood
IDN,Indonesia,2019,297,Flood
IDN,Indonesia,2019,18,Mass Movement
IDN,Indonesia,2019,5,Mass Movement
IDN,Indonesia,2019,37,Flood
IDN,Indonesia,2019,1858,Flood
IDN,Indonesia,2019,47,Flood
IDN,Indonesia,2019,11,Storm
IDN,Indonesia,2019,4,Mass Movement
IDN,Indonesia,2019,7,Flood
IDN,Indonesia,2019,54,Storm
IDN,Indonesia,2019,7,Storm
IDN,Indonesia,2019,4,Mass Movement
IDN,Indonesia,2019,7,Storm
IDN,Indonesia,2019,4,Mass Movement
PHL,Philippines,2019,6230,Storm
IDN,Indonesia,2019,83,Storm
IDN,Indonesia,2019,5,Mass Movement
IDN,Indonesia,2019,15,Mass Movement
IDN,Indonesia,2019,11,Mass Movement
IDN,Indonesia,2019,4,Storm
IDN,Indonesia,2019,40,Mass Movement
IDN,Indonesia,2019,800,Earthquake
IDN,Indonesia,2019,43,Flood
IDN,Indonesia,2019,4,Mass Movement
VNM,Vietnam,2019,158,Storm
IDN,Indonesia,2019,4,Storm
IDN,Indonesia,2019,29,Flood
IDN,Indonesia,2019,123,Flood
IDN,Indonesia,2019,3000,Flood
IDN,Indonesia,2019,4,Storm
IDN,Indonesia,2019,89,Flood
IDN,Indonesia,2019,217,Flood
IDN,Indonesia,2019,4,Mass Movement
IDN,Indonesia,2019,10,Flood
IDN,Indonesia,2019,70,Mass Movement
IDN,Indonesia,2019,3,Mass Movement
IDN,Indonesia,2019,4,Mass Movement
IDN,Indonesia,2019,4,Storm
IDN,Indonesia,2019,200,Earthquake
IDN,Indonesia,2019,684,Flood
IDN,Indonesia,2019,511,Flood
IDN,Indonesia,2019,4,Mass Movement
IDN,Indonesia,2019,216,Volcanic activity
IDN,Indonesia,2019,5,Flood
IDN,Indonesia,2019,1,Mass Movement
IDN,Indonesia,2019,2,Storm
IDN,Indonesia,2019,2,Mass Movement
IDN,Indonesia,2019,176,Mass Movement
IDN,Indonesia,2019,75,Flood
IDN,Indonesia,2019,99,Mass Movement
IDN,Indonesia,2019,4,Mass Movement
IDN,Indonesia,2019,13,Flood
IDN,Indonesia,2019,5,Mass Movement
IDN,Indonesia,2019,4702,Flood
IDN,Indonesia,2019,84,Flood
IDN,Indonesia,2019,4,Storm
IDN,Indonesia,2019,4,Flood
IDN,Indonesia,2019,4,Storm
IDN,Indonesia,2019,4,Storm
IDN,Indonesia,2019,7,Storm
IDN,Indonesia,2019,14,Storm
IDN,Indonesia,2019,7,Storm
IDN,Indonesia,2019,18,Storm
IDN,Indonesia,2019,4,Mass Movement
IDN,Indonesia,2019,4,Storm
PHL,Philippines,2019,5405,Drought
VNM,Vietnam,2019,187,Flood
PHL,Philippines,2019,223,Earthquake
PHL,Philippines,2019,27718,Storm
VNM,Vietnam,2019,11,Mass Movement
PHL,Philippines,2019,579837,Flood
PHL,Philippines,2019,1100,Flood
PHL,Philippines,2019,21,Storm
PHL,Philippines,2019,185,Storm
IDN,Indonesia,2019,1095,Earthquake
PHL,Philippines,2019,38465,Storm
VNM,Vietnam,2019,7,Mass Movement
PHL,Philippines,2019,106475,Flood
VNM,Vietnam,2019,5000,Flood
VNM,Vietnam,2019,6840,Flood
PHL,Philippines,2019,27,Storm
VNM,Vietnam,2019,1100,Storm
VNM,Vietnam,2019,720,Flood
VNM,Vietnam,2019,2016,Mass Movement
PHL,Philippines,2019,3408,Wave action
PHL,Philippines,2019,202,Storm
PHL,Philippines,2019,145,Storm
PHL,Philippines,2019,127,Storm
PHL,Philippines,2019,35,Storm
IDN,Indonesia,2019,9,Flood
PHL,Philippines,2019,32420,Flood
IDN,Indonesia,2019,4,Flood
PHL,Philippines,2019,3128,Storm
VNM,Vietnam,2019,40,Mass Movement
PHL,Philippines,2019,17000,Flood
PHL,Philippines,2019,51,Storm
PHL,Philippines,2019,550,Flood
PHL,Philippines,2019,138,Mass Movement
VNM,Vietnam,2019,10664,Storm
VNM,Vietnam,2019,7,Storm
VNM,Vietnam,2019,14,Flood
VNM,Vietnam,2019,248,Storm
VNM,Vietnam,2019,4,Storm
PHL,Philippines,2019,2365,Earthquake
PHL,Philippines,2019,47,Storm
IDN,Indonesia,2019,47,Volcanic activity
VNM,Vietnam,2019,238,Flood
VNM,Vietnam,2019,7,Flood
IDN,Indonesia,2019,230916,Earthquake
VNM,Vietnam,2019,4030,Flood
VNM,Vietnam,2019,86,Flood
VNM,Vietnam,2019,4,Storm
VNM,Vietnam,2019,7,Storm
PHL,Philippines,2019,1200,Flood
PHL,Philippines,2019,210,Flood
IDN,Indonesia,2019,171,Flood
IDN,Indonesia,2019,1357,Storm
PHL,Philippines,2019,13371,Storm
VNM,Vietnam,2019,18,Flood
PHL,Philippines,2019,8295,Earthquake
VNM,Vietnam,2019,20000,Storm
IDN,Indonesia,2019,2000,Flood
IDN,Indonesia,2019,119,Storm
IDN,Indonesia,2019,43,Storm
PHL,Philippines,2019,93,Storm
IDN,Indonesia,2019,76,Earthquake
IDN,Indonesia,2019,229,Storm
PHL,Philippines,2019,223105,Earthquake
IDN,Indonesia,2019,116,Flood
PHL,Philippines,2019,1935,Earthquake
PHL,Philippines,2019,27815,Storm
IDN,Indonesia,2019,10,Mass Movement
IDN,Indonesia,2019,54,Mass Movement
IDN,Indonesia,2019,487,Flood
PHL,Philippines,2019,179254,Flood
IDN,Indonesia,2019,707,Flood
IDN,Indonesia,2019,4000,Flood
IDN,Indonesia,2019,20,Mass Movement
IDN,Indonesia,2019,7,Mass Movement
IDN,Indonesia,2019,7,Mass Movement
PHL,Philippines,2019,167016,Earthquake
IDN,Indonesia,2019,129,Flood
IDN,Indonesia,2019,200,Flood
IDN,Indonesia,2019,31819,Flood
IDN,Indonesia,2019,25,Flood
IDN,Indonesia,2019,605,Flood
IDN,Indonesia,2019,128,Flood
PHL,Philippines,2019,696526,Storm
PHL,Philippines,2019,249,Extreme Temperature
PHL,Philippines,2019,44955,Flood
IDN,Indonesia,2019,53076,Earthquake
PHL,Philippines,2019,4157,Storm
VNM,Vietnam,2019,2520,Storm
PHL,Philippines,2019,1695229,Storm
PHL,Philippines,2019,552136,Storm
IDN,Indonesia,2019,915,Storm
IDN,Indonesia,2019,36,Mass Movement
IDN,Indonesia,2019,80,Flood
IDN,Indonesia,2019,4,Storm
IDN,Indonesia,2019,4,Earthquake
IDN,Indonesia,2019,5,Mass Movement
IDN,Indonesia,2019,7,Flood
IDN,Indonesia,2019,4,Mass Movement
IDN,Indonesia,2019,4,Flood
IDN,Indonesia,2019,5,Flood
IDN,Indonesia,2019,22,Flood
IDN,Indonesia,2019,112,Storm
IDN,Indonesia,2019,4,Storm
IDN,Indonesia,2019,217,Storm
IDN,Indonesia,2019,25,Storm
IDN,Indonesia,2019,383,Storm
IDN,Indonesia,2019,11,Storm
IDN,Indonesia,2019,150,Wildfire
IDN,Indonesia,2019,4,Mass Movement
IDN,Indonesia,2019,8,Mass Movement
IDN,Indonesia,2019,65,Storm
IDN,Indonesia,2019,184,Storm
IDN,Indonesia,2019,40,Storm
IDN,Indonesia,2019,7,Mass Movement
PHL,Philippines,2019,31090,Storm
VNM,Vietnam,2019,33728,Storm
IDN,Indonesia,2019,33,Storm
IDN,Indonesia,2019,123,Storm
IDN,Indonesia,2019,33,Storm
IDN,Indonesia,2019,4,Storm
IDN,Indonesia,2019,15,Storm
IDN,Indonesia,2019,5,Storm
IDN,Indonesia,2019,4,Storm
IDN,Indonesia,2019,4,Storm
IDN,Indonesia,2019,6333,Storm
IDN,Indonesia,2019,22,Storm
IDN,Indonesia,2019,163,Storm
IDN,Indonesia,2019,1696,Storm
IDN,Indonesia,2019,11,Storm
IDN,Indonesia,2019,4,Storm
IDN,Indonesia,2019,4,Storm
IDN,Indonesia,2019,25,Storm
IDN,Indonesia,2019,29,Storm
IDN,Indonesia,2019,7,Storm
IDN,Indonesia,2019,203,Storm
IDN,Indonesia,2019,4,Storm
IDN,Indonesia,2019,7,Storm
IDN,Indonesia,2019,18,Storm
IDN,Indonesia,2019,546,Storm
IDN,Indonesia,2019,36,Storm
IDN,Indonesia,2019,199,Storm
IDN,Indonesia,2019,6,Storm
IDN,Indonesia,2019,10,Storm
IDN,Indonesia,2019,49,Earthquake
IDN,Indonesia,2019,14,Flood
IDN,Indonesia,2019,9,Mass Movement
IDN,Indonesia,2019,4,Mass Movement
IDN,Indonesia,2019,14,Mass Movement
IDN,Indonesia,2019,50,Storm
IDN,Indonesia,2019,4,Storm
IDN,Indonesia,2019,4,Storm
IDN,Indonesia,2019,100,Storm
IDN,Indonesia,2019,4,Storm
IDN,Indonesia,2019,7,Storm
IDN,Indonesia,2019,33,Storm
IDN,Indonesia,2019,217,Storm
IDN,Indonesia,2019,43,Storm
IDN,Indonesia,2019,18,Storm
IDN,Indonesia,2019,98,Storm
IDN,Indonesia,2019,83,Flood
IDN,Indonesia,2019,880,Flood
IDN,Indonesia,2019,4,Mass Movement
IDN,Indonesia,2019,11,Mass Movement
IDN,Indonesia,2019,11,Mass Movement
IDN,Indonesia,2019,15,Mass Movement
IDN,Indonesia,2019,7,Mass Movement
IDN,Indonesia,2019,1,Mass Movement
IDN,Indonesia,2019,4,Mass Movement
IDN,Indonesia,2019,10,Mass Movement
IDN,Indonesia,2019,14,Storm
IDN,Indonesia,2019,33,Storm
IDN,Indonesia,2019,524,Storm
IDN,Indonesia,2019,4,Storm
IDN,Indonesia,2019,188,Storm
IDN,Indonesia,2019,80,Storm
IDN,Indonesia,2019,3529,Flood
IDN,Indonesia,2019,4,Storm
IDN,Indonesia,2019,51,Storm
IDN,Indonesia,2019,30,Storm
IDN,Indonesia,2019,429,Flood
IDN,Indonesia,2019,138,Flood
IDN,Indonesia,2019,50,Flood
IDN,Indonesia,2019,7,Mass Movement
IDN,Indonesia,2019,3,Mass Movement
IDN,Indonesia,2019,14,Mass Movement
IDN,Indonesia,2019,76,Mass Movement
IDN,Indonesia,2019,7,Mass Movement
IDN,Indonesia,2019,4,Flood
IDN,Indonesia,2019,278,Flood
IDN,Indonesia,2019,160,Flood
IDN,Indonesia,2019,5,Flood
IDN,Indonesia,2019,500,Flood
IDN,Indonesia,2019,4,Flood
IDN,Indonesia,2019,1770,Flood
IDN,Indonesia,2019,867,Flood
IDN,Indonesia,2019,11,Flood
IDN,Indonesia,2019,4,Flood
IDN,Indonesia,2019,87,Storm
IDN,Indonesia,2019,33,Storm
IDN,Indonesia,2019,105,Storm
IDN,Indonesia,2019,184,Storm
IDN,Indonesia,2019,34,Storm
IDN,Indonesia,2019,16,Storm
IDN,Indonesia,2019,391,Storm
IDN,Indonesia,2019,340,Storm
IDN,Indonesia,2019,4,Storm
IDN,Indonesia,2019,4,Storm
IDN,Indonesia,2019,305,Wave action
VNM,Vietnam,2020,4,Storm
IDN,Indonesia,2020,3805,Flood
IDN,Indonesia,2020,1880,Flood
IDN,Indonesia,2020,10,Flood
IDN,Indonesia,2020,242,Mass Movement
IDN,Indonesia,2020,143,Flood
IDN,Indonesia,2020,15,Flood
IDN,Indonesia,2020,50,Flood
VNM,Vietnam,2020,7,Storm
VNM,Vietnam,2020,4,Mass Movement
IDN,Indonesia,2020,25,Mass Movement
IDN,Indonesia,2020,51,Earthquake
IDN,Indonesia,2020,22,Flood
IDN,Indonesia,2020,195,Flood
IDN,Indonesia,2020,400,Flood
IDN,Indonesia,2020,20,Flood
IDN,Indonesia,2020,250,Flood
IDN,Indonesia,2020,705,Flood
IDN,Indonesia,2020,89,Flood
IDN,Indonesia,2020,230,Flood
IDN,Indonesia,2020,235,Storm
IDN,Indonesia,2020,400,Flood
IDN,Indonesia,2020,177,Flood
IDN,Indonesia,2020,398,Flood
IDN,Indonesia,2020,11,Flood
IDN,Indonesia,2020,11,Mass Movement
VNM,Vietnam,2020,97,Mass Movement
VNM,Vietnam,2020,61,Flood
IDN,Indonesia,2020,11,Mass Movement
VNM,Vietnam,2020,112,Storm
IDN,Indonesia,2020,1965,Flood
VNM,Vietnam,2020,18,Mass Movement
VNM,Vietnam,2020,7,Mass Movement
VNM,Vietnam,2020,4,Storm
IDN,Indonesia,2020,605,Flood
IDN,Indonesia,2020,6,Storm
IDN,Indonesia,2020,120,Flood
IDN,Indonesia,2020,2,Storm
IDN,Indonesia,2020,27,Mass Movement
IDN,Indonesia,2020,2,Storm
IDN,Indonesia,2020,5,Storm
IDN,Indonesia,2020,4,Storm
PHL,Philippines,2020,905,Flood
VNM,Vietnam,2020,4,Mass Movement
VNM,Vietnam,2020,7,Storm
PHL,Philippines,2020,25,Storm
IDN,Indonesia,2020,100,Flood
IDN,Indonesia,2020,2677,Flood
PHL,Philippines,2020,50,Storm
IDN,Indonesia,2020,3617,Flood
IDN,Indonesia,2020,4,Flood
IDN,Indonesia,2020,3882,Flood
IDN,Indonesia,2020,205,Flood
VNM,Vietnam,2020,14,Storm
PHL,Philippines,2020,127,Storm
IDN,Indonesia,2020,36,Flood
IDN,Indonesia,2020,267,Flood
IDN,Indonesia,2020,11,Flood
IDN,Indonesia,2020,253,Flood
IDN,Indonesia,2020,11,Storm
IDN,Indonesia,2020,15,Flood
IDN,Indonesia,2020,7483,Flood
IDN,Indonesia,2020,14,Flood
IDN,Indonesia,2020,2476,Flood
IDN,Indonesia,2020,36,Mass Movement
IDN,Indonesia,2020,2532,Flood
IDN,Indonesia,2020,420,Flood
IDN,Indonesia,2020,45861,Flood
IDN,Indonesia,2020,419,Flood
IDN,Indonesia,2020,7,Earthquake
IDN,Indonesia,2020,7,Mass Movement
VNM,Vietnam,2020,220,Storm
PHL,Philippines,2020,505922,Volcanic activity
IDN,Indonesia,2020,856,Flood
VNM,Vietnam,2020,50,Storm
VNM,Vietnam,2020,54,Mass Movement
IDN,Indonesia,2020,14,Mass Movement
IDN,Indonesia,2020,150,Flood
IDN,Indonesia,2020,9415,Flood
IDN,Indonesia,2020,174,Flood
IDN,Indonesia,2020,54,Flood
IDN,Indonesia,2020,1100,Flood
IDN,Indonesia,2020,420,Flood
IDN,Indonesia,2020,400,Flood
IDN,Indonesia,2020,250,Flood
VNM,Vietnam,2020,4,Mass Movement
VNM,Vietnam,2020,1278,Storm
IDN,Indonesia,2020,8582,Flood
IDN,Indonesia,2020,360,Flood
IDN,Indonesia,2020,24,Flood
IDN,Indonesia,2020,900,Flood
IDN,Indonesia,2020,165,Flood
IDN,Indonesia,2020,5,Flood
IDN,Indonesia,2020,283,Flood
IDN,Indonesia,2020,150,Flood
VNM,Vietnam,2020,43,Storm
IDN,Indonesia,2020,3650,Flood
IDN,Indonesia,2020,250,Flood
VNM,Vietnam,2020,4,Storm
IDN,Indonesia,2020,33,Storm
IDN,Indonesia,2020,94,Mass Movement
IDN,Indonesia,2020,915,Flood
IDN,Indonesia,2020,325,Earthquake
VNM,Vietnam,2020,18,Storm
IDN,Indonesia,2020,358,Flood
IDN,Indonesia,2020,65,Flood
VNM,Vietnam,2020,18,Storm
VNM,Vietnam,2020,4,Mass Movement
IDN,Indonesia,2020,51,Flood
IDN,Indonesia,2020,24,Flood
IDN,Indonesia,2020,72,Mass Movement
IDN,Indonesia,2020,723,Flood
VNM,Vietnam,2020,11,Mass Movement
VNM,Vietnam,2020,4,Storm
IDN,Indonesia,2020,87,Flood
IDN,Indonesia,2020,87,Flood
IDN,Indonesia,2020,2000,Flood
IDN,Indonesia,2020,3399,Flood
IDN,Indonesia,2020,10,Flood
PHL,Philippines,2020,25,Flood
VNM,Vietnam,2020,1224,Storm
IDN,Indonesia,2020,176,Flood
IDN,Indonesia,2020,9,Mass Movement
IDN,Indonesia,2020,64,Flood
IDN,Indonesia,2020,50,Flood
IDN,Indonesia,2020,65,Flood
IDN,Indonesia,2020,1808,Flood
VNM,Vietnam,2020,223,Storm
PHL,Philippines,2020,100,Storm
VNM,Vietnam,2020,4,Storm
IDN,Indonesia,2020,127,Flood
VNM,Vietnam,2020,7,Mass Movement
VNM,Vietnam,2020,4,Storm
VNM,Vietnam,2020,4,Storm
IDN,Indonesia,2020,2846,Flood
PHL,Philippines,2020,298091,Storm
IDN,Indonesia,2020,600,Flood
VNM,Vietnam,2020,4,Flood
PHL,Philippines,2020,1772,Flood
IDN,Indonesia,2020,1069,Flood
IDN,Indonesia,2020,33,Mass Movement
VNM,Vietnam,2020,4,Storm
IDN,Indonesia,2020,4,Flood
VNM,Vietnam,2020,4,Storm
VNM,Vietnam,2020,7,Flood
VNM,Vietnam,2020,720,Wildfire
PHL,Philippines,2020,13,Flood
VNM,Vietnam,2020,43,Mass Movement
IDN,Indonesia,2020,29,Storm
PHL,Philippines,2020,76,Mass Movement
IDN,Indonesia,2020,1211,Flood
VNM,Vietnam,2020,11,Storm
VNM,Vietnam,2020,14,Storm
IDN,Indonesia,2020,7233,Flood
IDN,Indonesia,2020,4046,Flood
IDN,Indonesia,2020,55,Flood
VNM,Vietnam,2020,18,Storm
IDN,Indonesia,2020,14483,Flood
IDN,Indonesia,2020,221,Flood
VNM,Vietnam,2020,7,Flood
IDN,Indonesia,2020,78,Flood
VNM,Vietnam,2020,61,Storm
IDN,Indonesia,2020,532,Flood
IDN,Indonesia,2020,905,Flood
VNM,Vietnam,2020,238,Storm
IDN,Indonesia,2020,689,Flood
PHL,Philippines,2020,30,Flood
VNM,Vietnam,2020,504,Storm
PHL,Philippines,2020,4428,Mass Movement
PHL,Philippines,2020,1369,Earthquake
PHL,Philippines,2020,645,Flood
PHL,Philippines,2020,1650,Flood
VNM,Vietnam,2020,4,Storm
VNM,Vietnam,2020,4,Storm
VNM,Vietnam,2020,14,Flood
VNM,Vietnam,2020,11,Mass Movement
PHL,Philippines,2020,461,Storm
IDN,Indonesia,2020,138,Flood
IDN,Indonesia,2020,253,Flood
IDN,Indonesia,2020,36,Flood
IDN,Indonesia,2020,2483,Flood
IDN,Indonesia,2020,221,Flood
IDN,Indonesia,2020,473,Flood
PHL,Philippines,2020,463,Flood
IDN,Indonesia,2020,29,Flood
PHL,Philippines,2020,933,Flood
IDN,Indonesia,2020,658,Flood
IDN,Indonesia,2020,181,Flood
IDN,Indonesia,2020,4,Flood
VNM,Vietnam,2020,151,Storm
VNM,Vietnam,2020,11,Storm
VNM,Vietnam,2020,40,Storm
VNM,Vietnam,2020,54,Storm
PHL,Philippines,2020,169,Flood
VNM,Vietnam,2020,158,Storm
IDN,Indonesia,2020,720,Flood
IDN,Indonesia,2020,101,Earthquake
IDN,Indonesia,2020,901,Flood
IDN,Indonesia,2020,11,Flood
IDN,Indonesia,2020,51,Storm
IDN,Indonesia,2020,104,Flood
PHL,Philippines,2020,2075,Flood
IDN,Indonesia,2020,4,Flood
IDN,Indonesia,2020,279,Flood
IDN,Indonesia,2020,1500,Flood
IDN,Indonesia,2020,2,Flood
IDN,Indonesia,2020,16308,Flood
IDN,Indonesia,2020,22,Storm
IDN,Indonesia,2020,210,Flood
IDN,Indonesia,2020,5,Flood
PHL,Philippines,2020,268,Flood
PHL,Philippines,2020,20,Storm
PHL,Philippines,2020,29,Storm
IDN,Indonesia,2020,33,Storm
IDN,Indonesia,2020,40,Storm
IDN,Indonesia,2020,101,Flood
VNM,Vietnam,2020,32,Mass Movement
PHL,Philippines,2020,80,Storm
VNM,Vietnam,2020,7,Flood
IDN,Indonesia,2020,7,Mass Movement
IDN,Indonesia,2020,550,Storm
IDN,Indonesia,2020,11,Flood
IDN,Indonesia,2020,4,Flood
IDN,Indonesia,2020,199,Flood
IDN,Indonesia,2020,3063,Flood
IDN,Indonesia,2020,27,Flood
IDN,Indonesia,2020,494,Flood
PHL,Philippines,2020,4094,Flood
IDN,Indonesia,2020,8,Storm
IDN,Indonesia,2020,17,Flood
IDN,Indonesia,2020,543,Flood
PHL,Philippines,2020,800,Flood
PHL,Philippines,2020,8,Storm
IDN,Indonesia,2020,14,Storm
IDN,Indonesia,2020,257,Flood
VNM,Vietnam,2020,55202,Storm
IDN,Indonesia,2020,1306,Flood
PHL,Philippines,2020,250,Flood
PHL,Philippines,2020,8,Flood
IDN,Indonesia,2020,7,Storm
PHL,Philippines,2020,8,Flood
PHL,Philippines,2020,4335,Flood
IDN,Indonesia,2020,60,Flood
IDN,Indonesia,2020,25,Flood
IDN,Indonesia,2020,1266,Flood
IDN,Indonesia,2020,100,Flood
IDN,Indonesia,2020,125,Flood
IDN,Indonesia,2020,253,Flood
IDN,Indonesia,2020,80,Flood
IDN,Indonesia,2020,501,Flood
PHL,Philippines,2020,4915,Flood
PHL,Philippines,2020,31358,Storm
IDN,Indonesia,2020,1000,Flood
IDN,Indonesia,2020,3599,Flood
IDN,Indonesia,2020,900,Flood
IDN,Indonesia,2020,7,Earthquake
IDN,Indonesia,2020,11,Storm
PHL,Philippines,2020,755,Mass Movement
PHL,Philippines,2020,1250133,Storm
VNM,Vietnam,2020,13167,Storm
PHL,Philippines,2020,678,Flood
IDN,Indonesia,2020,351,Storm
IDN,Indonesia,2020,5677,Flood
IDN,Indonesia,2020,2107,Flood
IDN,Indonesia,2020,10,Flood
PHL,Philippines,2020,1559917,Storm
VNM,Vietnam,2020,324780,Storm
PHL,Philippines,2020,4060,Flood
IDN,Indonesia,2020,266,Flood
IDN,Indonesia,2020,2009,Volcanic activity
IDN,Indonesia,2020,22,Storm
IDN,Indonesia,2020,2,Earthquake
PHL,Philippines,2020,1489,Flood
VNM,Vietnam,2020,13923,Storm
IDN,Indonesia,2020,261,Flood
PHL,Philippines,2020,623005,Storm
VNM,Vietnam,2020,395360,Storm
IDN,Indonesia,2020,74987,Flood
IDN,Indonesia,2020,2,Flood
IDN,Indonesia,2020,398,Flood
PHL,Philippines,2020,1074,Storm
IDN,Indonesia,2020,3222,Flood
IDN,Indonesia,2020,550,Volcanic activity
VNM,Vietnam,2020,5674,Flood
VNM,Vietnam,2020,247601,Storm
IDN,Indonesia,2020,100,Mass Movement
IDN,Indonesia,2020,400,Flood
IDN,Indonesia,2020,1281,Flood
IDN,Indonesia,2020,7168,Flood
IDN,Indonesia,2020,181,Flood
IDN,Indonesia,2020,9023,Volcanic activity
PHL,Philippines,2020,10884,Flood
PHL,Philippines,2020,8509,Flood
VNM,Vietnam,2020,216,Flood
IDN,Indonesia,2020,456,Flood
IDN,Indonesia,2020,1101,Flood
PHL,Philippines,2020,145,Storm
PHL,Philippines,2020,10778,Flood
PHL,Philippines,2020,6424,Storm
PHL,Philippines,2020,93,Storm
VNM,Vietnam,2020,7,Storm
IDN,Indonesia,2020,80,Flood
PHL,Philippines,2020,93217,Storm
IDN,Indonesia,2020,2308,Flood
IDN,Indonesia,2020,445,Flood
IDN,Indonesia,2020,9,Flood
IDN,Indonesia,2020,30,Flood
IDN,Indonesia,2020,1200,Flood
PHL,Philippines,2020,2071,Flood
PHL,Philippines,2020,75,Storm
PHL,Philippines,2020,10962,Storm
VNM,Vietnam,2020,68,Earthquake
IDN,Indonesia,2020,397171,Flood
VNM,Vietnam,2020,202735,Storm
IDN,Indonesia,2020,172,Volcanic activity
VNM,Vietnam,2021,7,Storm
PHL,Philippines,2021,4,Storm
PHL,Philippines,2021,13852,Storm
PHL,Philippines,2021,228,Flood
VNM,Vietnam,2021,7,Mass Movement
PHL,Philippines,2021,57,Storm
VNM,Vietnam,2021,7,Flood
VNM,Vietnam,2021,1000,Storm
PHL,Philippines,2021,105,Flood
PHL,Philippines,2021,650,Flood
PHL,Philippines,2021,267,Earthquake
VNM,Vietnam,2021,68,Storm
PHL,Philippines,2021,629,Flood
PHL,Philippines,2021,1894,Flood
VNM,Vietnam,2021,7,Storm
PHL,Philippines,2021,85,Flood
VNM,Vietnam,2021,656,Flood
VNM,Vietnam,2021,4,Storm
PHL,Philippines,2021,71,Mass Movement
VNM,Vietnam,2021,4,Storm
VNM,Vietnam,2021,6238,Storm
VNM,Vietnam,2021,61,Storm
PHL,Philippines,2021,605,Flood
VNM,Vietnam,2021,72,Storm
VNM,Vietnam,2021,22,Storm
VNM,Vietnam,2021,68,Storm
VNM,Vietnam,2021,4,Storm
VNM,Vietnam,2021,4,Storm
VNM,Vietnam,2021,11,Mass Movement
VNM,Vietnam,2021,54,Storm
PHL,Philippines,2021,1151,Flood
VNM,Vietnam,2021,7,Storm
PHL,Philippines,2021,271,Storm
VNM,Vietnam,2021,7,Mass Movement
PHL,Philippines,2021,120,Storm
PHL,Philippines,2021,1240,Flood
PHL,Philippines,2021,90,Storm
VNM,Vietnam,2021,4,Storm
VNM,Vietnam,2021,4,Storm
VNM,Vietnam,2021,40,Flood
VNM,Vietnam,2021,4,Storm
PHL,Philippines,2021,590,Flood
PHL,Philippines,2021,7717,Flood
VNM,Vietnam,2021,4,Storm
VNM,Vietnam,2021,4,Storm
VNM,Vietnam,2021,4,Storm
PHL,Philippines,2021,2075,Storm
VNM,Vietnam,2021,7,Storm
VNM,Vietnam,2021,14,Storm
VNM,Vietnam,2021,4,Storm
PHL,Philippines,2021,85,Storm
PHL,Philippines,2021,1583,Flood
PHL,Philippines,2021,22433,Volcanic activity
PHL,Philippines,2021,63,Storm
PHL,Philippines,2021,4,Storm
VNM,Vietnam,2021,4,Mass Movement
PHL,Philippines,2021,66,Storm
PHL,Philippines,2021,1866,Storm
PHL,Philippines,2021,7094,Flood
PHL,Philippines,2021,122,Earthquake
PHL,Philippines,2021,190,Flood
PHL,Philippines,2021,400,Flood
PHL,Philippines,2021,906,Flood
PHL,Philippines,2021,570,Flood
PHL,Philippines,2021,280,Flood
VNM,Vietnam,2021,11,Mass Movement
PHL,Philippines,2021,605,Flood
PHL,Philippines,2021,14106,Flood
PHL,Philippines,2021,89,Storm
PHL,Philippines,2021,242,Flood
PHL,Philippines,2021,200,Volcanic activity
PHL,Philippines,2021,285,Flood
PHL,Philippines,2021,605,Flood
VNM,Vietnam,2021,4,Storm
VNM,Vietnam,2021,4,Storm
VNM,Vietnam,2021,22,Mass Movement
PHL,Philippines,2021,1392,Storm
PHL,Philippines,2021,2158,Flood
VNM,Vietnam,2021,18,Storm
VNM,Vietnam,2021,7,Storm
PHL,Philippines,2021,144,Flood
PHL,Philippines,2021,80,Storm
PHL,Philippines,2021,1250,Flood
VNM,Vietnam,2021,4,Storm
VNM,Vietnam,2021,11,Storm
PHL,Philippines,2021,149262,Storm
VNM,Vietnam,2021,728031,Storm
PHL,Philippines,2021,7675,Storm
VNM,Vietnam,2021,11,Storm
VNM,Vietnam,2021,4,Storm
PHL,Philippines,2021,10,Mass Movement
VNM,Vietnam,2021,493,Storm
PHL,Philippines,2021,328,Flood
VNM,Vietnam,2021,4,Storm
PHL,Philippines,2021,150,Storm
VNM,Vietnam,2021,472,Storm
VNM,Vietnam,2021,86,Storm
PHL,Philippines,2021,214603,Storm
PHL,Philippines,2021,10,Storm
VNM,Vietnam,2021,22,Mass Movement
VNM,Vietnam,2021,4,Storm
PHL,Philippines,2021,328,Storm
PHL,Philippines,2021,5556,Flood
PHL,Philippines,2021,26795,Flood
PHL,Philippines,2021,485,Earthquake
PHL,Philippines,2021,2507,Flood
VNM,Vietnam,2021,4,Mass Movement
IDN,Indonesia,2021,5,Storm
IDN,Indonesia,2021,2,Storm
IDN,Indonesia,2021,14,Storm
VNM,Vietnam,2021,11,Mass Movement
PHL,Philippines,2021,204,Mass Movement
PHL,Philippines,2021,417,Flood
VNM,Vietnam,2021,11,Flood
PHL,Philippines,2021,400,Flood
IDN,Indonesia,2021,150,Storm
IDN,Indonesia,2021,98,Storm
IDN,Indonesia,2021,4169,Flood
PHL,Philippines,2021,314,Mass Movement
VNM,Vietnam,2021,223,Storm
VNM,Vietnam,2021,19,Flood
PHL,Philippines,2021,151750,Storm
PHL,Philippines,2021,8606,Storm
PHL,Philippines,2021,7998,Storm
VNM,Vietnam,2021,544,Flood
VNM,Vietnam,2021,126,Mass Movement
PHL,Philippines,2021,34149,Flood
PHL,Philippines,2021,35520,Flood
PHL,Philippines,2021,2005,Flood
PHL,Philippines,2021,293104,Flood
VNM,Vietnam,2021,2507,Flood
VNM,Vietnam,2021,4,Mass Movement
IDN,Indonesia,2021,171,Storm
PHL,Philippines,2021,49799,Storm
PHL,Philippines,2021,231538,Storm
VNM,Vietnam,2021,4,Storm
PHL,Philippines,2021,306,Flood
VNM,Vietnam,2021,799,Flood
VNM,Vietnam,2021,1429,Storm
VNM,Vietnam,2021,4,Flood
VNM,Vietnam,2021,7,Storm
PHL,Philippines,2021,274,Storm
VNM,Vietnam,2021,2088,Flood
PHL,Philippines,2021,142,Flood
IDN,Indonesia,2021,612,Wave action
PHL,Philippines,2021,1658,Flood
VNM,Vietnam,2021,770,Flood
IDN,Indonesia,2021,808,Mass Movement
IDN,Indonesia,2021,30,Mass Movement
IDN,Indonesia,2021,4838,Earthquake
IDN,Indonesia,2021,95057,Earthquake
IDN,Indonesia,2021,169,Earthquake
IDN,Indonesia,2021,38,Mass Movement
VNM,Vietnam,2021,259,Mass Movement
PHL,Philippines,2021,6254,Flood
IDN,Indonesia,2021,129,Mass Movement
IDN,Indonesia,2021,88,Storm
PHL,Philippines,2021,5,Flood
VNM,Vietnam,2021,69,Mass Movement
IDN,Indonesia,2021,15,Mass Movement
IDN,Indonesia,2021,4463,Mass Movement
IDN,Indonesia,2021,1602,Earthquake
IDN,Indonesia,2021,5,Storm
IDN,Indonesia,2021,1,Storm
IDN,Indonesia,2021,1160,Flood
PHL,Philippines,2021,300,Flood
PHL,Philippines,2021,5283,Flood
PHL,Philippines,2021,7503,Flood
VNM,Vietnam,2021,22363,Flood
PHL,Philippines,2021,1895,Flood
PHL,Philippines,2021,2100,Flood
PHL,Philippines,2021,590,Flood
PHL,Philippines,2021,1338,Flood
IDN,Indonesia,2021,125,Mass Movement
IDN,Indonesia,2021,8809,Earthquake
IDN,Indonesia,2021,19,Earthquake
IDN,Indonesia,2021,2074,Earthquake
IDN,Indonesia,2021,279,Storm
IDN,Indonesia,2021,35,Storm
PHL,Philippines,2021,4190,Flood
IDN,Indonesia,2021,376,Mass Movement
IDN,Indonesia,2021,62670,Flood
IDN,Indonesia,2021,5512,Flood
IDN,Indonesia,2021,20,Storm
IDN,Indonesia,2021,3,Storm
IDN,Indonesia,2021,15,Storm
IDN,Indonesia,2021,625,Storm
IDN,Indonesia,2021,9,Storm
IDN,Indonesia,2021,1997,Flood
VNM,Vietnam,2021,7076,Storm
PHL,Philippines,2021,600,Mass Movement
IDN,Indonesia,2021,15,Flood
PHL,Philippines,2021,421418,Storm
VNM,Vietnam,2021,79,Storm
PHL,Philippines,2021,280,Flood
IDN,Indonesia,2021,10565,Volcanic activity
IDN,Indonesia,2021,50,Storm
IDN,Indonesia,2021,1185,Flood
IDN,Indonesia,2021,175,Wave action
IDN,Indonesia,2021,150,Wave action
IDN,Indonesia,2021,190,Wave action
IDN,Indonesia,2021,3744,Flood
IDN,Indonesia,2021,15350,Flood
IDN,Indonesia,2021,1050,Earthquake
IDN,Indonesia,2021,1,Storm
IDN,Indonesia,2021,1,Wildfire
IDN,Indonesia,2021,8252,Flood
IDN,Indonesia,2021,355,Flood
PHL,Philippines,2021,3947651,Storm
VNM,Vietnam,2021,3694,Storm
IDN,Indonesia,2021,5217,Flood
IDN,Indonesia,2021,48814,Flood
IDN,Indonesia,2021,196825,Flood
IDN,Indonesia,2021,13300,Flood
IDN,Indonesia,2021,1038,Flood
IDN,Indonesia,2021,921,Flood
IDN,Indonesia,2021,2725,Flood
IDN,Indonesia,2021,7778,Flood
IDN,Indonesia,2021,150,Flood
IDN,Indonesia,2021,138300,Flood
IDN,Indonesia,2021,11374,Flood
IDN,Indonesia,2021,385,Flood
IDN,Indonesia,2021,1109,Flood
IDN,Indonesia,2021,667,Flood
IDN,Indonesia,2021,6517,Flood
IDN,Indonesia,2021,334,Flood
IDN,Indonesia,2021,9055,Flood
IDN,Indonesia,2021,67634,Flood
IDN,Indonesia,2022,4,Storm
IDN,Indonesia,2022,4,Mass Movement
IDN,Indonesia,2022,4,Storm
IDN,Indonesia,2022,4,Storm
IDN,Indonesia,2022,4,Storm
IDN,Indonesia,2022,4,Storm
IDN,Indonesia,2022,4,Storm
IDN,Indonesia,2022,62,Mass Movement
IDN,Indonesia,2022,8,Storm
IDN,Indonesia,2022,45,Flood
IDN,Indonesia,2022,15,Flood
IDN,Indonesia,2022,15,Storm
IDN,Indonesia,2022,4,Mass Movement
IDN,Indonesia,2022,78,Flood
IDN,Indonesia,2022,8,Flood
IDN,Indonesia,2022,387,Mass Movement
IDN,Indonesia,2022,27,Storm
IDN,Indonesia,2022,4,Storm
IDN,Indonesia,2022,4,Flood
IDN,Indonesia,2022,31,Flood
PHL,Philippines,2022,97,Storm
PHL,Philippines,2022,50,Mass Movement
PHL,Philippines,2022,35,Flood
PHL,Philippines,2022,265,Storm
PHL,Philippines,2022,183,Storm
IDN,Indonesia,2022,20,Flood
IDN,Indonesia,2022,19,Storm
IDN,Indonesia,2022,89,Storm
IDN,Indonesia,2022,10,Mass Movement
IDN,Indonesia,2022,300,Flood
IDN,Indonesia,2022,175,Mass Movement
IDN,Indonesia,2022,4,Storm
VNM,Vietnam,2022,5,Flood
IDN,Indonesia,2022,350,Flood
IDN,Indonesia,2022,77,Mass Movement
PHL,Philippines,2022,26,Storm
IDN,Indonesia,2022,8,Storm
IDN,Indonesia,2022,10,Storm
IDN,Indonesia,2022,3,Wildfire
IDN,Indonesia,2022,4,Flood
IDN,Indonesia,2022,336,Flood
IDN,Indonesia,2022,456,Flood
IDN,Indonesia,2022,16,Flood
IDN,Indonesia,2022,54,Storm
IDN,Indonesia,2022,27,Storm
IDN,Indonesia,2022,200,Flood
IDN,Indonesia,2022,4,Mass Movement
VNM,Vietnam,2022,5,Storm
IDN,Indonesia,2022,3,Mass Movement
IDN,Indonesia,2022,50,Storm
VNM,Vietnam,2022,5,Storm
IDN,Indonesia,2022,15,Storm
IDN,Indonesia,2022,31,Flood
IDN,Indonesia,2022,235,Flood
IDN,Indonesia,2022,4,Storm
IDN,Indonesia,2022,4,Storm
IDN,Indonesia,2022,4,Storm
IDN,Indonesia,2022,19,Earthquake
IDN,Indonesia,2022,120,Storm
IDN,Indonesia,2022,8,Flood
IDN,Indonesia,2022,12,Mass Movement
IDN,Indonesia,2022,39,Storm
IDN,Indonesia,2022,7,Flood
IDN,Indonesia,2022,12,Storm
IDN,Indonesia,2022,4,Storm
IDN,Indonesia,2022,2,Flood
IDN,Indonesia,2022,1536,Earthquake
IDN,Indonesia,2022,293,Flood
IDN,Indonesia,2022,12,Storm
IDN,Indonesia,2022,4,Storm
IDN,Indonesia,2022,1194,Flood
IDN,Indonesia,2022,19,Storm
IDN,Indonesia,2022,4,Storm
IDN,Indonesia,2022,10,Flood
IDN,Indonesia,2022,23,Storm
IDN,Indonesia,2022,382,Storm
IDN,Indonesia,2022,19,Storm
IDN,Indonesia,2022,4,Storm
IDN,Indonesia,2022,4,Storm
IDN,Indonesia,2022,151,Storm
IDN,Indonesia,2022,4,Flood
PHL,Philippines,2022,9565,Flood
IDN,Indonesia,2022,155,Flood
IDN,Indonesia,2022,105,Flood
IDN,Indonesia,2022,8,Mass Movement
IDN,Indonesia,2022,281,Flood
IDN,Indonesia,2022,474,Flood
IDN,Indonesia,2022,127,Storm
IDN,Indonesia,2022,185,Flood
IDN,Indonesia,2022,115,Flood
IDN,Indonesia,2022,4,Mass Movement
IDN,Indonesia,2022,8,Storm
IDN,Indonesia,2022,4,Storm
IDN,Indonesia,2022,127,Storm
IDN,Indonesia,2022,58,Flood
IDN,Indonesia,2022,569,Mass Movement
IDN,Indonesia,2022,4,Storm
IDN,Indonesia,2022,4,Storm
IDN,Indonesia,2022,8,Mass Movement
IDN,Indonesia,2022,50,Flood
IDN,Indonesia,2022,33,Flood
IDN,Indonesia,2022,17,Storm
IDN,Indonesia,2022,39,Flood
IDN,Indonesia,2022,90,Flood
IDN,Indonesia,2022,842,Flood
IDN,Indonesia,2022,4229,Flood
IDN,Indonesia,2022,297,Flood
IDN,Indonesia,2022,54,Storm
IDN,Indonesia,2022,19221,Earthquake
IDN,Indonesia,2022,51,Flood
VNM,Vietnam,2022,5,Storm
IDN,Indonesia,2022,31,Storm
IDN,Indonesia,2022,12,Mass Movement
IDN,Indonesia,2022,15,Flood
IDN,Indonesia,2022,50,Volcanic activity
IDN,Indonesia,2022,6085,Flood
IDN,Indonesia,2022,1000,Flood
IDN,Indonesia,2022,12,Mass Movement
IDN,Indonesia,2022,31,Flood
IDN,Indonesia,2022,2,Flood
IDN,Indonesia,2022,4,Storm
IDN,Indonesia,2022,8,Flood
IDN,Indonesia,2022,230,Flood
IDN,Indonesia,2022,620,Flood
IDN,Indonesia,2022,424,Flood
IDN,Indonesia,2022,177,Mass Movement
IDN,Indonesia,2022,4,Storm
IDN,Indonesia,2022,3,Storm
IDN,Indonesia,2022,4,Storm
IDN,Indonesia,2022,8,Storm
IDN,Indonesia,2022,12,Storm
IDN,Indonesia,2022,1,Flood
IDN,Indonesia,2022,75,Flood
VNM,Vietnam,2022,28,Storm
VNM,Vietnam,2022,9,Storm
IDN,Indonesia,2022,9,Storm
IDN,Indonesia,2022,22,Flood
VNM,Vietnam,2022,9,Storm
VNM,Vietnam,2022,9,Storm
VNM,Vietnam,2022,9,Storm
VNM,Vietnam,2022,19,Mass Movement
IDN,Indonesia,2022,1625,Flood
VNM,Vietnam,2022,9,Storm
IDN,Indonesia,2022,266,Earthquake
IDN,Indonesia,2022,148,Flood
IDN,Indonesia,2022,164,Storm
PHL,Philippines,2022,5,Storm
PHL,Philippines,2022,78,Storm
IDN,Indonesia,2022,19,Storm
IDN,Indonesia,2022,4,Storm
IDN,Indonesia,2022,12,Storm
PHL,Philippines,2022,170,Storm
PHL,Philippines,2022,13,Storm
IDN,Indonesia,2022,4,Flood
IDN,Indonesia,2022,5,Storm
IDN,Indonesia,2022,4,Flood
PHL,Philippines,2022,871490,Storm
PHL,Philippines,2022,356,Flood
IDN,Indonesia,2022,39,Mass Movement
VNM,Vietnam,2022,10,Storm
IDN,Indonesia,2022,31,Storm
VNM,Vietnam,2022,9,Mass Movement
IDN,Indonesia,2022,3,Mass Movement
IDN,Indonesia,2022,93,Storm
PHL,Philippines,2022,250,Flood
PHL,Philippines,2022,1813,Flood
PHL,Philippines,2022,23916,Flood
IDN,Indonesia,2022,46,Flood
IDN,Indonesia,2022,4,Storm
PHL,Philippines,2022,184,Flood
IDN,Indonesia,2022,150,Flood
IDN,Indonesia,2022,4,Storm
IDN,Indonesia,2022,8,Storm
IDN,Indonesia,2022,69,Flood
IDN,Indonesia,2022,221,Flood
IDN,Indonesia,2022,11,Flood
IDN,Indonesia,2022,19,Storm
VNM,Vietnam,2022,5,Mass Movement
VNM,Vietnam,2022,70,Storm
IDN,Indonesia,2022,15,Storm
IDN,Indonesia,2022,108,Mass Movement
IDN,Indonesia,2022,4,Storm
IDN,Indonesia,2022,8,Mass Movement
IDN,Indonesia,2022,179,Flood
IDN,Indonesia,2022,116,Storm
VNM,Vietnam,2022,32,Mass Movement
IDN,Indonesia,2022,8,Mass Movement
IDN,Indonesia,2022,5,Mass Movement
VNM,Vietnam,2022,22,Flood
VNM,Vietnam,2022,14,Mass Movement
IDN,Indonesia,2022,4,Mass Movement
IDN,Indonesia,2022,8,Mass Movement
IDN,Indonesia,2022,4,Mass Movement
IDN,Indonesia,2022,4,Mass Movement
IDN,Indonesia,2022,1,Mass Movement
IDN,Indonesia,2022,4,Mass Movement
IDN,Indonesia,2022,4,Mass Movement
IDN,Indonesia,2022,6,Mass Movement
IDN,Indonesia,2022,4,Mass Movement
VNM,Vietnam,2022,5,Mass Movement
PHL,Philippines,2022,625,Flood
PHL,Philippines,2022,289,Flood
PHL,Philippines,2022,1678,Flood
PHL,Philippines,2022,1,Earthquake
IDN,Indonesia,2022,15,Mass Movement
IDN,Indonesia,2022,229,Flood
VNM,Vietnam,2022,46,Mass Movement
VNM,Vietnam,2022,9,Mass Movement
IDN,Indonesia,2022,27670,Earthquake
VNM,Vietnam,2022,14,Mass Movement
VNM,Vietnam,2022,88,Mass Movement
PHL,Philippines,2022,285,Storm
PHL,Philippines,2022,7189,Flood
PHL,Philippines,2022,41,Flood
PHL,Philippines,2022,75540,Flood
PHL,Philippines,2022,2577,Flood
PHL,Philippines,2022,11600,Volcanic activity
PHL,Philippines,2022,15,Flood
PHL,Philippines,2022,39101,Flood
IDN,Indonesia,2022,4,Mass Movement
IDN,Indonesia,2022,31,Storm
IDN,Indonesia,2022,4,Mass Movement
PHL,Philippines,2022,602,Volcanic activity
VNM,Vietnam,2022,23,Mass Movement
IDN,Indonesia,2022,19,Flood
IDN,Indonesia,2022,418,Mass Movement
IDN,Indonesia,2022,23,Flood
VNM,Vietnam,2022,10,Flood
IDN,Indonesia,2022,606,Flood
PHL,Philippines,2022,40,Flood
IDN,Indonesia,2022,6,Flood
IDN,Indonesia,2022,14,Mass Movement
PHL,Philippines,2022,234,Flood
PHL,Philippines,2022,135,Flood
VNM,Vietnam,2022,297,Storm
VNM,Vietnam,2022,172,Storm
PHL,Philippines,2022,9,Flood
PHL,Philippines,2022,55,Flood
IDN,Indonesia,2022,27,Flood
IDN,Indonesia,2022,576,Flood
PHL,Philippines,2022,137,Flood
IDN,Indonesia,2022,209,Flood
IDN,Indonesia,2022,220,Flood
IDN,Indonesia,2022,260,Flood
PHL,Philippines,2022,350,Flood
IDN,Indonesia,2022,12,Storm
IDN,Indonesia,2022,4,Mass Movement
IDN,Indonesia,2022,785,Flood
IDN,Indonesia,2022,9,Flood
IDN,Indonesia,2022,8,Flood
PHL,Philippines,2022,480,Flood
IDN,Indonesia,2022,15,Storm
VNM,Vietnam,2022,5,Storm
IDN,Indonesia,2022,4,Mass Movement
PHL,Philippines,2022,29,Flood
PHL,Philippines,2022,13630,Flood
IDN,Indonesia,2022,10,Flood
IDN,Indonesia,2022,8,Flood
PHL,Philippines,2022,6107,Storm
PHL,Philippines,2022,17,Flood
IDN,Indonesia,2022,4,Storm
IDN,Indonesia,2022,16,Mass Movement
IDN,Indonesia,2022,61,Flood
PHL,Philippines,2022,480,Flood
PHL,Philippines,2022,200042,Earthquake
PHL,Philippines,2022,4863,Flood
IDN,Indonesia,2022,23,Flood
PHL,Philippines,2022,241,Flood
IDN,Indonesia,2022,357,Flood
PHL,Philippines,2022,125,Flood
PHL,Philippines,2022,730,Flood
PHL,Philippines,2022,2485,Flood
VNM,Vietnam,2022,5,Storm
IDN,Indonesia,2022,350,Flood
VNM,Vietnam,2022,5,Storm
PHL,Philippines,2022,8,Flood
PHL,Philippines,2022,5166,Flood
IDN,Indonesia,2022,24,Mass Movement
PHL,Philippines,2022,8,Storm
VNM,Vietnam,2022,5,Storm
VNM,Vietnam,2022,10,Storm
VNM,Vietnam,2022,9,Storm
PHL,Philippines,2022,937,Flood
PHL,Philippines,2022,19,Flood
PHL,Philippines,2022,150,Mass Movement
IDN,Indonesia,2022,85,Storm
IDN,Indonesia,2022,4,Mass Movement
PHL,Philippines,2022,205,Flood
PHL,Philippines,2022,35,Storm
PHL,Philippines,2022,1769,Flood
IDN,Indonesia,2022,39,Storm
IDN,Indonesia,2022,54,Storm
IDN,Indonesia,2022,20,Flood
VNM,Vietnam,2022,65,Mass Movement
IDN,Indonesia,2022,2875,Flood
IDN,Indonesia,2022,7,Flood
IDN,Indonesia,2022,4,Earthquake
PHL,Philippines,2022,25670,Storm
IDN,Indonesia,2022,2000,Flood
IDN,Indonesia,2022,978,Flood
IDN,Indonesia,2022,212,Flood
IDN,Indonesia,2022,84,Flood
IDN,Indonesia,2022,150,Flood
IDN,Indonesia,2022,427,Flood
VNM,Vietnam,2022,65,Storm
IDN,Indonesia,2022,2326,Earthquake
IDN,Indonesia,2022,42,Storm
IDN,Indonesia,2022,120,Flood
PHL,Philippines,2022,8,Mass Movement
PHL,Philippines,2022,597,Storm
PHL,Philippines,2022,38,Flood
PHL,Philippines,2022,109,Flood
PHL,Philippines,2022,2205,Flood
IDN,Indonesia,2022,2326,Earthquake
IDN,Indonesia,2022,26,Flood
IDN,Indonesia,2022,662,Flood
IDN,Indonesia,2022,30,Flood
IDN,Indonesia,2022,16,Flood
PHL,Philippines,2022,49,Storm
IDN,Indonesia,2022,4,Mass Movement
IDN,Indonesia,2022,36,Flood
IDN,Indonesia,2022,41,Flood
PHL,Philippines,2022,140,Flood
VNM,Vietnam,2022,5,Flood
VNM,Vietnam,2022,274,Flood
VNM,Vietnam,2022,9,Storm
PHL,Philippines,2022,71,Storm
PHL,Philippines,2022,2,Storm
IDN,Indonesia,2022,145,Flood
IDN,Indonesia,2022,12,Storm
VNM,Vietnam,2022,102,Flood
VNM,Vietnam,2022,42,Flood
PHL,Philippines,2022,358935,Storm
IDN,Indonesia,2022,19,Flood
IDN,Indonesia,2022,39,Flood
PHL,Philippines,2022,719,Flood
PHL,Philippines,2022,379274,Flood
IDN,Indonesia,2022,5,Storm
PHL,Philippines,2022,2866,Flood
PHL,Philippines,2022,5,Flood
IDN,Indonesia,2022,15,Flood
PHL,Philippines,2022,1231,Flood
IDN,Indonesia,2022,136,Flood
IDN,Indonesia,2022,500,Flood
VNM,Vietnam,2022,327937,Storm
PHL,Philippines,2022,5,Flood
PHL,Philippines,2022,493,Flood
PHL,Philippines,2022,585,Mass Movement
IDN,Indonesia,2022,97,Flood
VNM,Vietnam,2022,6580,Flood
VNM,Vietnam,2022,88,Flood
PHL,Philippines,2022,13,Wave action
PHL,Philippines,2022,51,Storm
IDN,Indonesia,2022,18160,Flood
IDN,Indonesia,2022,270,Flood
IDN,Indonesia,2022,12,Flood
PHL,Philippines,2022,17,Storm
IDN,Indonesia,2022,72,Flood
IDN,Indonesia,2022,150,Flood
IDN,Indonesia,2022,8,Storm
IDN,Indonesia,2022,19,Storm
IDN,Indonesia,2022,4,Storm
IDN,Indonesia,2022,21,Flood
PHL,Philippines,2022,1315,Storm
PHL,Philippines,2022,7,Storm
PHL,Philippines,2022,10,Storm
VNM,Vietnam,2022,12371,Storm
PHL,Philippines,2022,7980,Storm
IDN,Indonesia,2022,15,Storm
VNM,Vietnam,2022,778,Flood
VNM,Vietnam,2022,3835,Flood
VNM,Vietnam,2022,48,Flood
PHL,Philippines,2022,13258,Flood
PHL,Philippines,2022,157,Wave action
PHL,Philippines,2022,2516,Storm
IDN,Indonesia,2022,8,Flood
IDN,Indonesia,2022,165,Mass Movement
IDN,Indonesia,2022,29,Flood
IDN,Indonesia,2022,39,Flood
VNM,Vietnam,2022,23,Storm
PHL,Philippines,2022,805,Flood
PHL,Philippines,2022,4921,Earthquake
PHL,Philippines,2022,3012686,Storm
IDN,Indonesia,2022,200,Flood
IDN,Indonesia,2022,15,Storm
PHL,Philippines,2022,13,Mass Movement
IDN,Indonesia,2022,93,Flood
IDN,Indonesia,2022,386,Flood
IDN,Indonesia,2022,4,Flood
IDN,Indonesia,2022,4,Storm
IDN,Indonesia,2022,19,Storm
IDN,Indonesia,2022,586,Flood
IDN,Indonesia,2022,77,Flood
IDN,Indonesia,2022,39,Flood
VNM,Vietnam,2022,9,Mass Movement
PHL,Philippines,2022,20,Flood
PHL,Philippines,2022,131,Flood
PHL,Philippines,2022,5481,Flood
IDN,Indonesia,2022,114683,Earthquake
IDN,Indonesia,2022,2,Flood
IDN,Indonesia,2022,4,Mass Movement
PHL,Philippines,2022,128,Flood
PHL,Philippines,2022,44,Storm
PHL,Philippines,2022,50,Storm
PHL,Philippines,2022,30,Storm
IDN,Indonesia,2022,4,Mass Movement
PHL,Philippines,2022,24,Storm
PHL,Philippines,2022,61,Flood
VNM,Vietnam,2022,5,Flood
VNM,Vietnam,2022,144,Flood
PHL,Philippines,2022,126,Storm
IDN,Indonesia,2022,36,Flood
PHL,Philippines,2022,46,Flood
IDN,Indonesia,2022,12,Storm
IDN,Indonesia,2022,50,Storm
IDN,Indonesia,2022,59,Flood
VNM,Vietnam,2022,42,Storm
IDN,Indonesia,2022,842,Flood
IDN,Indonesia,2022,82,Flood
IDN,Indonesia,2022,204,Flood
IDN,Indonesia,2022,7482,Flood
IDN,Indonesia,2022,257,Flood
PHL,Philippines,2022,330652,Storm
IDN,Indonesia,2022,480,Flood
IDN,Indonesia,2022,2696,Flood
IDN,Indonesia,2022,4,Flood
IDN,Indonesia,2022,160,Flood
IDN,Indonesia,2022,205,Flood
IDN,Indonesia,2022,11,Flood
IDN,Indonesia,2022,56,Storm
IDN,Indonesia,2022,32,Flood
VNM,Vietnam,2022,65,Mass Movement
PHL,Philippines,2022,13125,Flood
IDN,Indonesia,2022,18030,Flood
IDN,Indonesia,2022,304,Flood
IDN,Indonesia,2022,8,Flood
IDN,Indonesia,2022,1756,Flood
IDN,Indonesia,2022,38920,Flood
IDN,Indonesia,2022,1929,Flood
IDN,Indonesia,2022,145,Flood
IDN,Indonesia,2022,250,Flood
IDN,Indonesia,2022,155,Flood
IDN,Indonesia,2022,4,Storm
IDN,Indonesia,2022,1795,Flood
IDN,Indonesia,2022,4841,Flood
IDN,Indonesia,2008,500,Earthquake
IDN,Indonesia,2008,820,Earthquake
IDN,Indonesia,2008,2000,Earthquake
IDN,Indonesia,2008,2400,Flood
IDN,Indonesia,2008,3315,Earthquake
IDN,Indonesia,2008,3500,Flood
IDN,Indonesia,2008,5000,Volcanic activity
IDN,Indonesia,2008,5060,Flood
IDN,Indonesia,2008,10000,Earthquake
IDN,Indonesia,2008,16000,Mass Movement
IDN,Indonesia,2008,17352,Flood
IDN,Indonesia,2008,31500,Flood
IDN,Indonesia,2008,34000,Flood
IDN,Indonesia,2008,40000,Flood
IDN,Indonesia,2008,49653,Flood
PHL,Philippines,2008,444,Storm
PHL,Philippines,2008,1185,Storm
PHL,Philippines,2008,3080,Storm
PHL,Philippines,2008,3530,Storm
PHL,Philippines,2008,5215,Storm
PHL,Philippines,2008,12124,Mass Movement
PHL,Philippines,2008,30000,Flood
PHL,Philippines,2008,51222,Flood
PHL,Philippines,2008,54705,Storm
PHL,Philippines,2008,205974,Flood
PHL,Philippines,2008,350000,Flood
PHL,Philippines,2008,2039155,Storm
VNM,Vietnam,2008,235,Storm
VNM,Vietnam,2008,820,Storm
VNM,Vietnam,2008,840,Flood
VNM,Vietnam,2008,2000,Flood
VNM,Vietnam,2008,6695,Storm
VNM,Vietnam,2008,95000,Storm
IDN,Indonesia,2009,178490,Earthquake
IDN,Indonesia,2009,675500,Earthquake
PHL,Philippines,2009,10,Earthquake
PHL,Philippines,2009,100,Storm
PHL,Philippines,2009,1529,Storm
PHL,Philippines,2009,7265,Storm
PHL,Philippines,2009,16070,Flood
PHL,Philippines,2009,19590,Storm
PHL,Philippines,2009,34982,Storm
PHL,Philippines,2009,41000,Storm
PHL,Philippines,2009,50000,Volcanic activity
PHL,Philippines,2009,54718,Storm
PHL,Philippines,2009,63021,Storm
PHL,Philippines,2009,80655,Storm
PHL,Philippines,2009,115000,Storm
PHL,Philippines,2009,117220,Storm
PHL,Philippines,2009,200000,Flood
PHL,Philippines,2009,200000,Storm
PHL,Philippines,2009,500000,Storm
PHL,Philippines,2009,561242,Storm
VNM,Vietnam,2009,7725,Flood
VNM,Vietnam,2009,70540,Storm
VNM,Vietnam,2009,108635,Storm
IDN,Indonesia,2010,100,Flood
IDN,Indonesia,2010,130,Flood
IDN,Indonesia,2010,4600,Earthquake
IDN,Indonesia,2010,44000,Earthquake
IDN,Indonesia,2010,360557,Volcanic activity
PHL,Philippines,2010,590,Flood
PHL,Philippines,2010,1215,Flood
PHL,Philippines,2010,20000,Flood
PHL,Philippines,2010,33000,Flood
PHL,Philippines,2010,40000,Flood
PHL,Philippines,2010,40000,Flood
PHL,Philippines,2010,47632,Flood
PHL,Philippines,2010,67900,Flood
PHL,Philippines,2010,80000,Flood
PHL,Philippines,2010,137445,Storm
PHL,Philippines,2010,150240,Storm
PHL,Philippines,2010,383969,Flood
VNM,Vietnam,2010,1500,Storm
VNM,Vietnam,2010,51971,Flood
VNM,Vietnam,2010,68673,Flood
VNM,Vietnam,2010,78000,Flood
VNM,Vietnam,2010,241705,Storm
IDN,Indonesia,2011,95,Earthquake
IDN,Indonesia,2011,1000,Flood
IDN,Indonesia,2011,1000,Flood
IDN,Indonesia,2011,5347,Volcanic activity
PHL,Philippines,2011,28,Flood
PHL,Philippines,2011,2000,Volcanic activity
PHL,Philippines,2011,2345,Flood
PHL,Philippines,2011,3979,Flood
PHL,Philippines,2011,6088,Flood
PHL,Philippines,2011,9107,Flood
PHL,Philippines,2011,14000,Storm
PHL,Philippines,2011,14138,Flood
PHL,Philippines,2011,18403,Storm
PHL,Philippines,2011,25000,Flood
PHL,Philippines,2011,72000,Flood
PHL,Philippines,2011,90535,Storm
PHL,Philippines,2011,143703,Storm
PHL,Philippines,2011,150952,Storm
PHL,Philippines,2011,168000,Storm
PHL,Philippines,2011,212655,Storm
PHL,Philippines,2011,225694,Storm
PHL,Philippines,2011,227446,Storm
PHL,Philippines,2011,441037,Storm
PHL,Philippines,2011,672131,Flood
VNM,Vietnam,2011,30000,Flood
VNM,Vietnam,2011,200000,Flood
IDN,Indonesia,2012,128,Mass Movement
IDN,Indonesia,2012,192,Earthquake
IDN,Indonesia,2012,192,Volcanic activity
IDN,Indonesia,2012,2122,Storm
IDN,Indonesia,2012,30000,Flood
IDN,Indonesia,2012,71197,Flood
PHL,Philippines,2012,54805,Storm
PHL,Philippines,2012,59993,Storm
PHL,Philippines,2012,71428,Storm
PHL,Philippines,2012,187320,Earthquake
PHL,Philippines,2012,1553080,Flood
PHL,Philippines,2012,1931970,Storm
VNM,Vietnam,2012,15000,Storm
IDN,Indonesia,2013,5,Flood
IDN,Indonesia,2013,9,Flood
IDN,Indonesia,2013,10,Flood
IDN,Indonesia,2013,12,Flood
IDN,Indonesia,2013,15,Flood
IDN,Indonesia,2013,20,Flood
IDN,Indonesia,2013,22,Flood
IDN,Indonesia,2013,30,Flood
IDN,Indonesia,2013,36,Flood
IDN,Indonesia,2013,47,Flood
IDN,Indonesia,2013,55,Flood
IDN,Indonesia,2013,83,Flood
IDN,Indonesia,2013,85,Flood
IDN,Indonesia,2013,85,Flood
IDN,Indonesia,2013,85,Flood
IDN,Indonesia,2013,88,Flood
IDN,Indonesia,2013,90,Flood
IDN,Indonesia,2013,100,Flood
IDN,Indonesia,2013,115,Mass Movement
IDN,Indonesia,2013,120,Flood
IDN,Indonesia,2013,130,Flood
IDN,Indonesia,2013,141,Flood
IDN,Indonesia,2013,155,Flood
IDN,Indonesia,2013,165,Flood
IDN,Indonesia,2013,190,Flood
IDN,Indonesia,2013,200,Flood
IDN,Indonesia,2013,230,Flood
IDN,Indonesia,2013,238,Flood
IDN,Indonesia,2013,250,Flood
IDN,Indonesia,2013,285,Storm
IDN,Indonesia,2013,300,Flood
IDN,Indonesia,2013,317,Flood
IDN,Indonesia,2013,323,Flood
IDN,Indonesia,2013,350,Flood
IDN,Indonesia,2013,365,Flood
IDN,Indonesia,2013,385,Flood
IDN,Indonesia,2013,400,Flood
IDN,Indonesia,2013,400,Flood
IDN,Indonesia,2013,429,Flood
IDN,Indonesia,2013,448,Flood
IDN,Indonesia,2013,500,Flood
IDN,Indonesia,2013,526,Flood
IDN,Indonesia,2013,590,Flood
IDN,Indonesia,2013,600,Flood
IDN,Indonesia,2013,645,Flood
IDN,Indonesia,2013,750,Flood
IDN,Indonesia,2013,784,Flood
IDN,Indonesia,2013,800,Flood
IDN,Indonesia,2013,810,Flood
IDN,Indonesia,2013,978,Flood
IDN,Indonesia,2013,1135,Flood
IDN,Indonesia,2013,1268,Flood
IDN,Indonesia,2013,1285,Flood
IDN,Indonesia,2013,1459,Flood
IDN,Indonesia,2013,2000,Volcanic activity
IDN,Indonesia,2013,2000,Flood
IDN,Indonesia,2013,2500,Flood
IDN,Indonesia,2013,2500,Flood
IDN,Indonesia,2013,2623,Flood
IDN,Indonesia,2013,2660,Flood
IDN,Indonesia,2013,2828,Flood
IDN,Indonesia,2013,3136,Flood
IDN,Indonesia,2013,3500,Flood
IDN,Indonesia,2013,3625,Flood
IDN,Indonesia,2013,3700,Flood
IDN,Indonesia,2013,4140,Flood
IDN,Indonesia,2013,4365,Flood
IDN,Indonesia,2013,4490,Flood
IDN,Indonesia,2013,4819,Flood
IDN,Indonesia,2013,4850,Flood
IDN,Indonesia,2013,5200,Earthquake
IDN,Indonesia,2013,5234,Flood
IDN,Indonesia,2013,5351,Flood
IDN,Indonesia,2013,5802,Flood
IDN,Indonesia,2013,6259,Volcanic activity
IDN,Indonesia,2013,7000,Flood
IDN,Indonesia,2013,7000,Flood
IDN,Indonesia,2013,7500,Earthquake
IDN,Indonesia,2013,8000,Flood
IDN,Indonesia,2013,11000,Flood
IDN,Indonesia,2013,14141,Flood
IDN,Indonesia,2013,14557,Flood
IDN,Indonesia,2013,17648,Flood
IDN,Indonesia,2013,17713,Volcanic activity
IDN,Indonesia,2013,19126,Volcanic activity
IDN,Indonesia,2013,20000,Flood
IDN,Indonesia,2013,46734,Flood
IDN,Indonesia,2013,53403,Earthquake
IDN,Indonesia,2013,83075,Storm
PHL,Philippines,2013,27,Flood
PHL,Philippines,2013,40,Storm
PHL,Philippines,2013,45,Storm
PHL,Philippines,2013,53,Mass Movement
PHL,Philippines,2013,103,Mass Movement
PHL,Philippines,2013,148,Storm
PHL,Philippines,2013,220,Storm
PHL,Philippines,2013,702,Mass Movement
PHL,Philippines,2013,835,Storm
PHL,Philippines,2013,1075,Storm
PHL,Philippines,2013,2578,Earthquake
PHL,Philippines,2013,3487,Flood
PHL,Philippines,2013,7880,Storm
PHL,Philippines,2013,9465,Flood
PHL,Philippines,2013,9918,Storm
PHL,Philippines,2013,56172,Storm
PHL,Philippines,2013,64966,Storm
PHL,Philippines,2013,123548,Storm
PHL,Philippines,2013,129169,Storm
PHL,Philippines,2013,223134,Storm
PHL,Philippines,2013,348507,Earthquake
PHL,Philippines,2013,405965,Storm
PHL,Philippines,2013,1538878,Storm
PHL,Philippines,2013,4095280,Storm
VNM,Vietnam,2013,500,Flood
VNM,Vietnam,2013,4000,Storm
VNM,Vietnam,2013,20000,Storm
VNM,Vietnam,2013,106238,Storm
VNM,Vietnam,2013,109600,Storm
VNM,Vietnam,2013,800000,Storm
IDN,Indonesia,2014,2,Storm
IDN,Indonesia,2014,2,Storm
IDN,Indonesia,2014,4,Mass Movement
IDN,Indonesia,2014,4,Mass Movement
IDN,Indonesia,2014,6,Flood
IDN,Indonesia,2014,8,Storm
IDN,Indonesia,2014,11,Flood
IDN,Indonesia,2014,12,Storm
IDN,Indonesia,2014,12,Storm
IDN,Indonesia,2014,13,Storm
IDN,Indonesia,2014,13,Storm
IDN,Indonesia,2014,15,Mass Movement
IDN,Indonesia,2014,15,Mass Movement
IDN,Indonesia,2014,15,Storm
IDN,Indonesia,2014,20,Storm
IDN,Indonesia,2014,20,Flood
IDN,Indonesia,2014,25,Mass Movement
IDN,Indonesia,2014,30,Mass Movement
IDN,Indonesia,2014,30,Storm
IDN,Indonesia,2014,37,Storm
IDN,Indonesia,2014,45,Storm
IDN,Indonesia,2014,50,Flood
IDN,Indonesia,2014,50,Flood
IDN,Indonesia,2014,62,Flood
IDN,Indonesia,2014,65,Storm
IDN,Indonesia,2014,75,Flood
IDN,Indonesia,2014,90,Flood
IDN,Indonesia,2014,96,Flood
IDN,Indonesia,2014,96,Mass Movement
IDN,Indonesia,2014,100,Storm
IDN,Indonesia,2014,106,Storm
IDN,Indonesia,2014,115,Flood
IDN,Indonesia,2014,120,Flood
IDN,Indonesia,2014,125,Mass Movement
IDN,Indonesia,2014,132,Flood
IDN,Indonesia,2014,153,Flood
IDN,Indonesia,2014,160,Flood
IDN,Indonesia,2014,160,Flood
IDN,Indonesia,2014,163,Flood
IDN,Indonesia,2014,165,Flood
IDN,Indonesia,2014,171,Flood
IDN,Indonesia,2014,198,Flood
IDN,Indonesia,2014,200,Earthquake
IDN,Indonesia,2014,200,Flood
IDN,Indonesia,2014,200,Flood
IDN,Indonesia,2014,215,Storm
IDN,Indonesia,2014,216,Flood
IDN,Indonesia,2014,234,Storm
IDN,Indonesia,2014,235,Flood
IDN,Indonesia,2014,250,Mass Movement
IDN,Indonesia,2014,250,Flood
IDN,Indonesia,2014,270,Flood
IDN,Indonesia,2014,285,Mass Movement
IDN,Indonesia,2014,375,Flood
IDN,Indonesia,2014,393,Flood
IDN,Indonesia,2014,400,Flood
IDN,Indonesia,2014,425,Wildfire
IDN,Indonesia,2014,440,Flood
IDN,Indonesia,2014,442,Flood
IDN,Indonesia,2014,456,Flood
IDN,Indonesia,2014,467,Flood
IDN,Indonesia,2014,480,Flood
IDN,Indonesia,2014,499,Flood
IDN,Indonesia,2014,515,Flood
IDN,Indonesia,2014,530,Flood
IDN,Indonesia,2014,589,Storm
IDN,Indonesia,2014,618,Flood
IDN,Indonesia,2014,631,Flood
IDN,Indonesia,2014,643,Flood
IDN,Indonesia,2014,650,Flood
IDN,Indonesia,2014,676,Flood
IDN,Indonesia,2014,700,Flood
IDN,Indonesia,2014,721,Flood
IDN,Indonesia,2014,912,Flood
IDN,Indonesia,2014,925,Flood
IDN,Indonesia,2014,1000,Mass Movement
IDN,Indonesia,2014,1000,Flood
IDN,Indonesia,2014,1041,Flood
IDN,Indonesia,2014,1089,Flood
IDN,Indonesia,2014,1092,Flood
IDN,Indonesia,2014,1120,Storm
IDN,Indonesia,2014,1217,Flood
IDN,Indonesia,2014,1239,Flood
IDN,Indonesia,2014,1247,Flood
IDN,Indonesia,2014,1353,Flood
IDN,Indonesia,2014,1365,Flood
IDN,Indonesia,2014,1530,Flood
IDN,Indonesia,2014,1631,Flood
IDN,Indonesia,2014,2000,Flood
IDN,Indonesia,2014,2000,Flood
IDN,Indonesia,2014,2106,Flood
IDN,Indonesia,2014,2188,Mass Movement
IDN,Indonesia,2014,2345,Flood
IDN,Indonesia,2014,2486,Flood
IDN,Indonesia,2014,2640,Flood
IDN,Indonesia,2014,3000,Flood
IDN,Indonesia,2014,3533,Flood
IDN,Indonesia,2014,3900,Flood
IDN,Indonesia,2014,4375,Flood
IDN,Indonesia,2014,4600,Flood
IDN,Indonesia,2014,5279,Mass Movement
IDN,Indonesia,2014,5829,Flood
IDN,Indonesia,2014,6068,Flood
IDN,Indonesia,2014,6087,Flood
IDN,Indonesia,2014,6764,Flood
IDN,Indonesia,2014,7463,Volcanic activity
IDN,Indonesia,2014,7779,Flood
IDN,Indonesia,2014,9030,Flood
IDN,Indonesia,2014,15401,Flood
IDN,Indonesia,2014,17452,Volcanic activity
IDN,Indonesia,2014,22086,Flood
IDN,Indonesia,2014,31739,Volcanic activity
IDN,Indonesia,2014,33210,Volcanic activity
IDN,Indonesia,2014,40000,Flood
IDN,Indonesia,2014,50580,Flood
IDN,Indonesia,2014,78474,Flood
IDN,Indonesia,2014,80600,Flood
IDN,Indonesia,2014,87629,Volcanic activity
IDN,Indonesia,2014,165930,Flood
IDN,Indonesia,2014,196729,Flood
PHL,Philippines,2014,729,Flood
PHL,Philippines,2014,1650,Flood
PHL,Philippines,2014,6495,Storm
PHL,Philippines,2014,7276,Flood
PHL,Philippines,2014,18131,Storm
PHL,Philippines,2014,46000,Storm
PHL,Philippines,2014,50000,Volcanic activity
PHL,Philippines,2014,77431,Storm
PHL,Philippines,2014,155671,Storm
PHL,Philippines,2014,206368,Storm
PHL,Philippines,2014,400000,Storm
PHL,Philippines,2014,1823176,Storm
PHL,Philippines,2014,2994054,Storm
VNM,Vietnam,2014,200,Flood
VNM,Vietnam,2014,295,Flood
VNM,Vietnam,2014,1555,Flood
VNM,Vietnam,2014,5400,Storm
VNM,Vietnam,2014,5500,Storm
VNM,Vietnam,2014,55000,Storm
IDN,Indonesia,2015,3,Earthquake
IDN,Indonesia,2015,3,Storm
IDN,Indonesia,2015,4,Mass Movement
IDN,Indonesia,2015,4,Storm
IDN,Indonesia,2015,4,Mass Movement
IDN,Indonesia,2015,4,Flood
IDN,Indonesia,2015,5,Storm
IDN,Indonesia,2015,5,Mass Movement
IDN,Indonesia,2015,5,Mass Movement
IDN,Indonesia,2015,5,Storm
IDN,Indonesia,2015,8,Storm
IDN,Indonesia,2015,8,Storm
IDN,Indonesia,2015,9,Mass Movement
IDN,Indonesia,2015,10,Flood
IDN,Indonesia,2015,10,Storm
IDN,Indonesia,2015,10,Mass Movement
IDN,Indonesia,2015,10,Storm
IDN,Indonesia,2015,10,Storm
IDN,Indonesia,2015,10,Storm
IDN,Indonesia,2015,11,Flood
IDN,Indonesia,2015,11,Storm
IDN,Indonesia,2015,13,Mass Movement
IDN,Indonesia,2015,14,Mass Movement
IDN,Indonesia,2015,15,Flood
IDN,Indonesia,2015,15,Storm
IDN,Indonesia,2015,15,Storm
IDN,Indonesia,2015,17,Flood
IDN,Indonesia,2015,19,Storm
IDN,Indonesia,2015,20,Mass Movement
IDN,Indonesia,2015,20,Flood
IDN,Indonesia,2015,21,Mass Movement
IDN,Indonesia,2015,22,Flood
IDN,Indonesia,2015,25,Flood
IDN,Indonesia,2015,25,Mass Movement
IDN,Indonesia,2015,25,Flood
IDN,Indonesia,2015,27,Flood
IDN,Indonesia,2015,29,Mass Movement
IDN,Indonesia,2015,30,Mass Movement
IDN,Indonesia,2015,30,Storm
IDN,Indonesia,2015,30,Mass Movement
IDN,Indonesia,2015,32,Mass Movement
IDN,Indonesia,2015,32,Mass Movement
IDN,Indonesia,2015,33,Mass Movement
IDN,Indonesia,2015,40,Storm
IDN,Indonesia,2015,50,Mass Movement
IDN,Indonesia,2015,50,Mass Movement
IDN,Indonesia,2015,51,Flood
IDN,Indonesia,2015,53,Flood
IDN,Indonesia,2015,53,Flood
IDN,Indonesia,2015,55,Flood
IDN,Indonesia,2015,55,Flood
IDN,Indonesia,2015,65,Flood
IDN,Indonesia,2015,70,Flood
IDN,Indonesia,2015,71,Storm
IDN,Indonesia,2015,75,Mass Movement
IDN,Indonesia,2015,77,Flood
IDN,Indonesia,2015,79,Storm
IDN,Indonesia,2015,85,Flood
IDN,Indonesia,2015,85,Flood
IDN,Indonesia,2015,86,Storm
IDN,Indonesia,2015,91,Storm
IDN,Indonesia,2015,97,Flood
IDN,Indonesia,2015,106,Mass Movement
IDN,Indonesia,2015,115,Flood
IDN,Indonesia,2015,119,Flood
IDN,Indonesia,2015,125,Flood
IDN,Indonesia,2015,136,Flood
IDN,Indonesia,2015,150,Flood
IDN,Indonesia,2015,175,Mass Movement
IDN,Indonesia,2015,200,Earthquake
IDN,Indonesia,2015,200,Flood
IDN,Indonesia,2015,203,Mass Movement
IDN,Indonesia,2015,211,Flood
IDN,Indonesia,2015,212,Flood
IDN,Indonesia,2015,229,Flood
IDN,Indonesia,2015,238,Mass Movement
IDN,Indonesia,2015,254,Mass Movement
IDN,Indonesia,2015,260,Flood
IDN,Indonesia,2015,278,Flood
IDN,Indonesia,2015,289,Flood
IDN,Indonesia,2015,300,Flood
IDN,Indonesia,2015,304,Flood
IDN,Indonesia,2015,316,Flood
IDN,Indonesia,2015,322,Flood
IDN,Indonesia,2015,330,Flood
IDN,Indonesia,2015,338,Flood
IDN,Indonesia,2015,355,Flood
IDN,Indonesia,2015,363,Mass Movement
IDN,Indonesia,2015,364,Flood
IDN,Indonesia,2015,375,Flood
IDN,Indonesia,2015,407,Flood
IDN,Indonesia,2015,450,Flood
IDN,Indonesia,2015,460,Flood
IDN,Indonesia,2015,496,Flood
IDN,Indonesia,2015,500,Flood
IDN,Indonesia,2015,504,Flood
IDN,Indonesia,2015,522,Flood
IDN,Indonesia,2015,525,Mass Movement
IDN,Indonesia,2015,550,Flood
IDN,Indonesia,2015,585,Flood
IDN,Indonesia,2015,600,Flood
IDN,Indonesia,2015,690,Flood
IDN,Indonesia,2015,792,Storm
IDN,Indonesia,2015,792,Storm
IDN,Indonesia,2015,1000,Flood
IDN,Indonesia,2015,1000,Flood
IDN,Indonesia,2015,1000,Flood
IDN,Indonesia,2015,1190,Flood
IDN,Indonesia,2015,1270,Flood
IDN,Indonesia,2015,1291,Flood
IDN,Indonesia,2015,1788,Volcanic activity
IDN,Indonesia,2015,1892,Flood
IDN,Indonesia,2015,2000,Volcanic activity
IDN,Indonesia,2015,2238,Flood
IDN,Indonesia,2015,2300,Flood
IDN,Indonesia,2015,2500,Flood
IDN,Indonesia,2015,2520,Flood
IDN,Indonesia,2015,4183,Flood
IDN,Indonesia,2015,4239,Flood
IDN,Indonesia,2015,5439,Earthquake
IDN,Indonesia,2015,5695,Flood
IDN,Indonesia,2015,5795,Flood
IDN,Indonesia,2015,6500,Flood
IDN,Indonesia,2015,7103,Flood
IDN,Indonesia,2015,7836,Flood
IDN,Indonesia,2015,8720,Flood
IDN,Indonesia,2015,11796,Earthquake
IDN,Indonesia,2015,13304,Volcanic activity
IDN,Indonesia,2015,14628,Flood
IDN,Indonesia,2015,70000,Flood
PHL,Philippines,2015,567,Volcanic activity
PHL,Philippines,2015,915,Storm
PHL,Philippines,2015,2761,Storm
PHL,Philippines,2015,3800,Flood
PHL,Philippines,2015,3803,Storm
PHL,Philippines,2015,4792,Storm
PHL,Philippines,2015,5476,Storm
PHL,Philippines,2015,18481,Storm
PHL,Philippines,2015,21561,Storm
PHL,Philippines,2015,45336,Storm
PHL,Philippines,2015,114591,Storm
PHL,Philippines,2015,318359,Storm
PHL,Philippines,2015,742991,Storm
PHL,Philippines,2015,937725,Storm
VNM,Vietnam,2015,32,Flood
VNM,Vietnam,2015,83,Storm
VNM,Vietnam,2015,3600,Flood
VNM,Vietnam,2015,5836,Flood
IDN,Indonesia,2016,135,Flood
IDN,Indonesia,2016,5,Mass Movement
IDN,Indonesia,2016,544,Flood
IDN,Indonesia,2016,105,Mass Movement
IDN,Indonesia,2016,55,Flood
VNM,Vietnam,2016,7276,Storm
IDN,Indonesia,2016,15,Storm
VNM,Vietnam,2016,184,Flood
VNM,Vietnam,2016,97,Flood
IDN,Indonesia,2016,5,Flood
IDN,Indonesia,2016,15,Storm
IDN,Indonesia,2016,121,Flood
IDN,Indonesia,2016,948098,Flood
IDN,Indonesia,2016,7328,Flood
IDN,Indonesia,2016,4298,Flood
IDN,Indonesia,2016,1109,Flood
IDN,Indonesia,2016,1216,Flood
IDN,Indonesia,2016,1201,Flood
IDN,Indonesia,2016,750,Earthquake
IDN,Indonesia,2016,625,Mass Movement
IDN,Indonesia,2016,820,Flood
IDN,Indonesia,2016,250,Flood
IDN,Indonesia,2016,209,Flood
IDN,Indonesia,2016,205,Storm
IDN,Indonesia,2016,175,Mass Movement
IDN,Indonesia,2016,173,Storm
IDN,Indonesia,2016,4,Wildfire
IDN,Indonesia,2016,2685,Flood
IDN,Indonesia,2016,2127,Flood
IDN,Indonesia,2016,2197,Flood
IDN,Indonesia,2016,1551,Storm
IDN,Indonesia,2016,1433,Flood
IDN,Indonesia,2016,1260,Mass Movement
IDN,Indonesia,2016,1140,Flood
IDN,Indonesia,2016,500,Flood
IDN,Indonesia,2016,336,Flood
IDN,Indonesia,2016,300,Flood
IDN,Indonesia,2016,209,Flood
IDN,Indonesia,2016,100,Earthquake
IDN,Indonesia,2016,122,Earthquake
IDN,Indonesia,2016,5,Flood
IDN,Indonesia,2016,45,Flood
IDN,Indonesia,2016,44,Mass Movement
IDN,Indonesia,2016,23,Storm
IDN,Indonesia,2016,20,Flood
IDN,Indonesia,2016,15,Flood
IDN,Indonesia,2016,5,Storm
IDN,Indonesia,2016,600,Flood
IDN,Indonesia,2016,680,Flood
IDN,Indonesia,2016,346,Earthquake
IDN,Indonesia,2016,231,Flood
IDN,Indonesia,2016,8,Flood
IDN,Indonesia,2016,20,Mass Movement
IDN,Indonesia,2016,6,Storm
IDN,Indonesia,2016,2000,Wildfire
IDN,Indonesia,2016,15,Storm
IDN,Indonesia,2016,10,Storm
IDN,Indonesia,2016,15072,Flood
IDN,Indonesia,2016,7907,Flood
IDN,Indonesia,2016,2614,Flood
IDN,Indonesia,2016,2329,Flood
IDN,Indonesia,2016,32,Storm
IDN,Indonesia,2016,1411,Storm
IDN,Indonesia,2016,618,Flood
IDN,Indonesia,2016,208,Mass Movement
IDN,Indonesia,2016,172,Mass Movement
IDN,Indonesia,2016,93,Flood
IDN,Indonesia,2016,20,Flood
IDN,Indonesia,2016,5,Flood
IDN,Indonesia,2016,30000,Flood
IDN,Indonesia,2016,3040,Flood
IDN,Indonesia,2016,1058,Flood
IDN,Indonesia,2016,13,Mass Movement
IDN,Indonesia,2016,5,Storm
IDN,Indonesia,2016,4,Mass Movement
PHL,Philippines,2016,527994,Flood
PHL,Philippines,2016,50,Mass Movement
PHL,Philippines,2016,630,Flood
PHL,Philippines,2016,76554,Storm
PHL,Philippines,2016,12639,Flood
PHL,Philippines,2016,79962,Flood
PHL,Philippines,2016,2592251,Storm
PHL,Philippines,2016,1450,Flood
PHL,Philippines,2016,343,Flood
PHL,Philippines,2016,616,Mass Movement
PHL,Philippines,2016,136,Flood
PHL,Philippines,2016,94,Wildfire
PHL,Philippines,2016,88,Flood
PHL,Philippines,2016,66,Extreme Temperature
PHL,Philippines,2016,13,Flood
IDN,Indonesia,2016,1101,Flood
VNM,Vietnam,2016,360,Flood
IDN,Indonesia,2016,1900,Flood
IDN,Indonesia,2016,2000,Flood
PHL,Philippines,2016,70,Mass Movement
VNM,Vietnam,2016,385,Storm
IDN,Indonesia,2016,31,Storm
IDN,Indonesia,2016,58,Flood
PHL,Philippines,2016,207832,Storm
PHL,Philippines,2016,8427,Storm
VNM,Vietnam,2016,1800,Storm
IDN,Indonesia,2016,5,Storm
IDN,Indonesia,2016,37,Mass Movement
IDN,Indonesia,2016,335,Flood
IDN,Indonesia,2016,1510,Flood
IDN,Indonesia,2016,5,Storm
VNM,Vietnam,2016,32437,Storm
VNM,Vietnam,2016,7754,Storm
IDN,Indonesia,2016,7,Flood
IDN,Indonesia,2016,23,Storm
IDN,Indonesia,2016,4,Storm
IDN,Indonesia,2016,634,Mass Movement
IDN,Indonesia,2016,23,Storm
IDN,Indonesia,2016,15,Flood
IDN,Indonesia,2016,55,Flood
IDN,Indonesia,2016,20,Flood
VNM,Vietnam,2016,7743,Flood
VNM,Vietnam,2016,7319,Storm
PHL,Philippines,2016,2555,Storm
IDN,Indonesia,2016,2210,Flood
PHL,Philippines,2016,2130,Flood
IDN,Indonesia,2016,1520,Flood
IDN,Indonesia,2016,528,Mass Movement
IDN,Indonesia,2016,5623,Flood
IDN,Indonesia,2016,393,Flood
IDN,Indonesia,2016,506,Flood
IDN,Indonesia,2016,32,Flood
IDN,Indonesia,2016,16039,Volcanic activity
PHL,Philippines,2016,300,Storm
IDN,Indonesia,2016,19255,Flood
PHL,Philippines,2016,2376723,Storm
IDN,Indonesia,2016,45292,Flood
PHL,Philippines,2016,16684,Storm
IDN,Indonesia,2016,5305,Flood
IDN,Indonesia,2016,30000,Flood
PHL,Philippines,2016,22246,Storm
IDN,Indonesia,2016,3288,Flood
IDN,Indonesia,2016,16638,Flood
VNM,Vietnam,2016,14440,Flood
VNM,Vietnam,2016,742,Flood
IDN,Indonesia,2017,93,Storm
IDN,Indonesia,2017,12038,Flood
IDN,Indonesia,2017,2200,Flood
IDN,Indonesia,2017,4915,Storm
IDN,Indonesia,2017,3900,Flood
IDN,Indonesia,2017,23,Storm
PHL,Philippines,2017,393,Flood
PHL,Philippines,2017,43071,Storm
PHL,Philippines,2017,5259,Flood
IDN,Indonesia,2017,3,Mass Movement
PHL,Philippines,2017,29889,Earthquake
PHL,Philippines,2017,6813,Storm
PHL,Philippines,2017,18,Earthquake
PHL,Philippines,2017,135,Flood
IDN,Indonesia,2017,520,Flood
IDN,Indonesia,2017,250,Flood
PHL,Philippines,2017,150,Flood
IDN,Indonesia,2017,144,Flood
PHL,Philippines,2017,135,Storm
IDN,Indonesia,2017,35,Storm
IDN,Indonesia,2017,15,Storm
IDN,Indonesia,2017,12,Mass Movement
IDN,Indonesia,2017,3,Flood
IDN,Indonesia,2017,1351,Flood
IDN,Indonesia,2017,1126,Flood
IDN,Indonesia,2017,973,Flood
IDN,Indonesia,2017,545,Flood
IDN,Indonesia,2017,470,Storm
IDN,Indonesia,2017,240,Storm
IDN,Indonesia,2017,306,Flood
IDN,Indonesia,2017,193,Storm
IDN,Indonesia,2017,143,Mass Movement
IDN,Indonesia,2017,138,Storm
IDN,Indonesia,2017,108,Storm
IDN,Indonesia,2017,95,Flood
IDN,Indonesia,2017,59,Flood
IDN,Indonesia,2017,33,Flood
IDN,Indonesia,2017,25,Flood
IDN,Indonesia,2017,20,Flood
IDN,Indonesia,2017,5,Storm
IDN,Indonesia,2017,4,Storm
IDN,Indonesia,2017,3742,Flood
IDN,Indonesia,2017,2476,Flood
IDN,Indonesia,2017,1413,Flood
IDN,Indonesia,2017,1047,Flood
IDN,Indonesia,2017,901,Flood
IDN,Indonesia,2017,760,Mass Movement
IDN,Indonesia,2017,545,Flood
IDN,Indonesia,2017,382,Storm
IDN,Indonesia,2017,334,Flood
IDN,Indonesia,2017,97,Flood
IDN,Indonesia,2017,84,Flood
IDN,Indonesia,2017,30,Storm
IDN,Indonesia,2017,30,Flood
IDN,Indonesia,2017,25,Flood
IDN,Indonesia,2017,10,Flood
IDN,Indonesia,2017,3301,Flood
IDN,Indonesia,2017,530,Flood
IDN,Indonesia,2017,702,Flood
IDN,Indonesia,2017,683,Flood
IDN,Indonesia,2017,3191,Flood
IDN,Indonesia,2017,346,Flood
IDN,Indonesia,2017,270,Flood
PHL,Philippines,2017,231,Earthquake
IDN,Indonesia,2017,170,Flood
IDN,Indonesia,2017,160,Flood
IDN,Indonesia,2017,68,Mass Movement
IDN,Indonesia,2017,32,Mass Movement
IDN,Indonesia,2017,17,Earthquake
IDN,Indonesia,2017,12,Mass Movement
IDN,Indonesia,2017,9,Mass Movement
IDN,Indonesia,2017,5,Flood
IDN,Indonesia,2017,21,Storm
IDN,Indonesia,2017,655,Flood
IDN,Indonesia,2017,259,Flood
IDN,Indonesia,2017,180,Flood
IDN,Indonesia,2017,120,Flood
IDN,Indonesia,2017,20,Flood
IDN,Indonesia,2017,103,Flood
IDN,Indonesia,2017,7000,Flood
IDN,Indonesia,2017,15,Mass Movement
PHL,Philippines,2017,221,Mass Movement
PHL,Philippines,2017,11370,Flood
PHL,Philippines,2017,23815,Flood
IDN,Indonesia,2017,2000,Flood
PHL,Philippines,2017,240,Storm
PHL,Philippines,2017,8000,Flood
IDN,Indonesia,2017,200,Flood
IDN,Indonesia,2017,97,Flood
IDN,Indonesia,2017,67,Flood
IDN,Indonesia,2017,2010,Flood
IDN,Indonesia,2017,1700,Flood
IDN,Indonesia,2017,748,Flood
IDN,Indonesia,2017,100,Storm
IDN,Indonesia,2017,10,Storm
IDN,Indonesia,2017,8,Flood
VNM,Vietnam,2017,1000,Flood
VNM,Vietnam,2017,630,Storm
IDN,Indonesia,2017,13,Flood
IDN,Indonesia,2017,5,Storm
IDN,Indonesia,2017,1193,Storm
PHL,Philippines,2017,15865,Earthquake
PHL,Philippines,2017,900,Mass Movement
IDN,Indonesia,2017,2,Storm
IDN,Indonesia,2017,183,Flood
IDN,Indonesia,2017,3,Mass Movement
IDN,Indonesia,2017,3737,Flood
IDN,Indonesia,2017,19,Flood
IDN,Indonesia,2017,255,Flood
IDN,Indonesia,2017,5,Storm
IDN,Indonesia,2017,182,Flood
IDN,Indonesia,2017,465,Flood
IDN,Indonesia,2017,35,Flood
IDN,Indonesia,2017,23,Flood
PHL,Philippines,2017,40966,Storm
VNM,Vietnam,2017,116525,Storm
IDN,Indonesia,2017,150109,Volcanic activity
VNM,Vietnam,2017,13587,Flood
PHL,Philippines,2017,5,Earthquake
PHL,Philippines,2017,15471,Flood
PHL,Philippines,2017,2550,Flood
PHL,Philippines,2017,90,Flood
PHL,Philippines,2017,237,Earthquake
IDN,Indonesia,2017,1300,Mass Movement
IDN,Indonesia,2017,723,Earthquake
PHL,Philippines,2017,27,Flood
PHL,Philippines,2017,190,Mass Movement
PHL,Philippines,2017,34705,Flood
PHL,Philippines,2017,79,Storm
VNM,Vietnam,2017,35168,Storm
IDN,Indonesia,2017,21098,Flood
VNM,Vietnam,2017,28879,Storm
IDN,Indonesia,2017,1480,Flood
PHL,Philippines,2017,185,Mass Movement
PHL,Philippines,2017,34930,Flood
PHL,Philippines,2017,2252,Storm
PHL,Philippines,2017,11032,Storm
IDN,Indonesia,2017,463,Flood
IDN,Indonesia,2017,100,Storm
IDN,Indonesia,2017,764,Earthquake
IDN,Indonesia,2017,28190,Storm
IDN,Indonesia,2017,15475,Flood
PHL,Philippines,2017,763921,Storm
IDN,Indonesia,2017,7214,Volcanic activity
IDN,Indonesia,2017,4222,Earthquake
VNM,Vietnam,2017,3983,Storm
PHL,Philippines,2017,54735,Earthquake
IDN,Indonesia,2017,140,Flood
VNM,Vietnam,2017,25,Storm
PHL,Philippines,2017,320925,Flood
PHL,Philippines,2017,1849,Storm
IDN,Indonesia,2017,36092,Flood
PHL,Philippines,2017,518485,Flood
PHL,Philippines,2017,6392,Storm
PHL,Philippines,2017,130384,Storm
IDN,Indonesia,2017,9914,Flood
IDN,Indonesia,2017,8201,Flood
IDN,Indonesia,2017,300,Flood
VNM,Vietnam,2017,2963,Flood
IDN,Indonesia,2017,50,Flood
IDN,Indonesia,2017,2104,Flood
IDN,Indonesia,2017,2000,Flood
PHL,Philippines,2017,434504,Storm
VNM,Vietnam,2017,430703,Storm
IDN,Indonesia,2017,1277,Storm
PHL,Philippines,2017,8201,Storm
IDN,Indonesia,2017,4500,Flood
IDN,Indonesia,2017,4104,Storm
IDN,Indonesia,2017,1073,Earthquake
IDN,Indonesia,2017,960,Flood
IDN,Indonesia,2017,10,Storm
IDN,Indonesia,2017,370,Storm
IDN,Indonesia,2017,200,Flood
IDN,Indonesia,2017,170,Flood
IDN,Indonesia,2018,155,Flood
IDN,Indonesia,2018,570,Flood
IDN,Indonesia,2018,2103,Flood
IDN,Indonesia,2018,74,Flood
PHL,Philippines,2018,351,Mass Movement
IDN,Indonesia,2018,5435,Flood
IDN,Indonesia,2018,52,Mass Movement
IDN,Indonesia,2018,215,Flood
IDN,Indonesia,2018,2149,Flood
IDN,Indonesia,2018,662,Mass Movement
PHL,Philippines,2018,91055,Volcanic activity
IDN,Indonesia,2018,1000,Flood
IDN,Indonesia,2018,94,Flood
IDN,Indonesia,2018,4580,Flood
IDN,Indonesia,2018,4599,Mass Movement
IDN,Indonesia,2018,6532,Flood
IDN,Indonesia,2018,59,Mass Movement
IDN,Indonesia,2018,3826,Earthquake
IDN,Indonesia,2018,93,Flood
IDN,Indonesia,2018,200,Flood
PHL,Philippines,2018,26466,Flood
PHL,Philippines,2018,170,Mass Movement
PHL,Philippines,2018,260,Flood
PHL,Philippines,2018,47089,Storm
IDN,Indonesia,2018,984,Mass Movement
IDN,Indonesia,2018,231,Mass Movement
IDN,Indonesia,2018,4199,Flood
PHL,Philippines,2018,148538,Storm
IDN,Indonesia,2018,9,Mass Movement
IDN,Indonesia,2018,7,Mass Movement
IDN,Indonesia,2018,3139,Flood
IDN,Indonesia,2018,137,Flood
IDN,Indonesia,2018,144,Flood
IDN,Indonesia,2018,7,Storm
IDN,Indonesia,2018,1000,Flood
IDN,Indonesia,2018,178,Volcanic activity
PHL,Philippines,2018,147,Earthquake
IDN,Indonesia,2018,85,Storm
IDN,Indonesia,2018,22,Mass Movement
IDN,Indonesia,2018,1983,Flood
IDN,Indonesia,2018,37,Storm
IDN,Indonesia,2018,4,Mass Movement
IDN,Indonesia,2018,220,Flood
IDN,Indonesia,2018,37,Flood
IDN,Indonesia,2018,36,Storm
IDN,Indonesia,2018,52,Flood
IDN,Indonesia,2018,33,Mass Movement
IDN,Indonesia,2018,357,Storm
IDN,Indonesia,2018,11,Mass Movement
IDN,Indonesia,2018,315,Flood
IDN,Indonesia,2018,74,Storm
IDN,Indonesia,2018,70,Storm
IDN,Indonesia,2018,7,Earthquake
IDN,Indonesia,2018,74,Storm
IDN,Indonesia,2018,967,Flood
IDN,Indonesia,2018,70,Storm
IDN,Indonesia,2018,4,Storm
IDN,Indonesia,2018,56,Storm
IDN,Indonesia,2018,89,Storm
IDN,Indonesia,2018,22,Flood
IDN,Indonesia,2018,243,Flood
IDN,Indonesia,2018,48,Storm
IDN,Indonesia,2018,10007,Flood
IDN,Indonesia,2018,15,Mass Movement
IDN,Indonesia,2018,4,Storm
IDN,Indonesia,2018,106,Flood
IDN,Indonesia,2018,60,Mass Movement
IDN,Indonesia,2018,7,Mass Movement
IDN,Indonesia,2018,41,Storm
IDN,Indonesia,2018,1650,Flood
IDN,Indonesia,2018,7,Storm
IDN,Indonesia,2018,7,Mass Movement
IDN,Indonesia,2018,65,Flood
IDN,Indonesia,2018,48,Storm
IDN,Indonesia,2018,26,Storm
IDN,Indonesia,2018,4,Storm
IDN,Indonesia,2018,104,Mass Movement
IDN,Indonesia,2018,10,Storm
IDN,Indonesia,2018,553,Flood
IDN,Indonesia,2018,27,Storm
IDN,Indonesia,2018,7,Storm
IDN,Indonesia,2018,4,Mass Movement
IDN,Indonesia,2018,48,Storm
IDN,Indonesia,2018,76,Flood
IDN,Indonesia,2018,4,Mass Movement
IDN,Indonesia,2018,4,Mass Movement
IDN,Indonesia,2018,52,Flood
IDN,Indonesia,2018,592,Flood
IDN,Indonesia,2018,3506,Earthquake
IDN,Indonesia,2018,148,Storm
IDN,Indonesia,2018,352,Flood
IDN,Indonesia,2018,67,Storm
IDN,Indonesia,2018,93,Storm
PHL,Philippines,2018,73,Storm
IDN,Indonesia,2018,215,Storm
IDN,Indonesia,2018,500,Flood
IDN,Indonesia,2018,30,Storm
IDN,Indonesia,2018,44,Storm
IDN,Indonesia,2018,15,Storm
IDN,Indonesia,2018,7,Storm
IDN,Indonesia,2018,44,Storm
IDN,Indonesia,2018,4,Flood
IDN,Indonesia,2018,2365,Flood
IDN,Indonesia,2018,633,Flood
IDN,Indonesia,2018,11,Flood
IDN,Indonesia,2018,541,Mass Movement
IDN,Indonesia,2018,15,Storm
IDN,Indonesia,2018,120,Flood
IDN,Indonesia,2018,11,Flood
PHL,Philippines,2018,199710,Flood
IDN,Indonesia,2018,337,Storm
IDN,Indonesia,2018,160,Flood
IDN,Indonesia,2018,8890,Volcanic activity
IDN,Indonesia,2018,660,Volcanic activity
IDN,Indonesia,2018,369,Flood
IDN,Indonesia,2018,30,Flood
IDN,Indonesia,2018,240,Flood
IDN,Indonesia,2018,37,Flood
IDN,Indonesia,2018,1012,Flood
IDN,Indonesia,2018,123,Flood
VNM,Vietnam,2018,22,Storm
VNM,Vietnam,2018,109,Mass Movement
IDN,Indonesia,2018,200,Flood
IDN,Indonesia,2018,700,Volcanic activity
IDN,Indonesia,2018,70,Storm
VNM,Vietnam,2018,7,Storm
IDN,Indonesia,2018,318,Earthquake
IDN,Indonesia,2018,93,Earthquake
PHL,Philippines,2018,1548,Storm
VNM,Vietnam,2018,36,Mass Movement
VNM,Vietnam,2018,4,Storm
IDN,Indonesia,2018,150,Flood
IDN,Indonesia,2018,11,Flood
PHL,Philippines,2018,14700,Flood
IDN,Indonesia,2018,4,Flood
IDN,Indonesia,2018,2731,Volcanic activity
IDN,Indonesia,2018,34,Flood
IDN,Indonesia,2018,200,Flood
IDN,Indonesia,2018,81,Flood
IDN,Indonesia,2018,322,Storm
IDN,Indonesia,2018,135,Flood
IDN,Indonesia,2018,143,Wildfire
VNM,Vietnam,2018,634,Flood
PHL,Philippines,2018,16584,Flood
IDN,Indonesia,2018,594,Flood
IDN,Indonesia,2018,250,Flood
PHL,Philippines,2018,420,Storm
IDN,Indonesia,2018,370,Flood
VNM,Vietnam,2018,4000,Flood
IDN,Indonesia,2018,28,Storm
IDN,Indonesia,2018,7,Flood
IDN,Indonesia,2018,160,Flood
IDN,Indonesia,2018,136,Storm
IDN,Indonesia,2018,167,Storm
IDN,Indonesia,2018,26,Flood
PHL,Philippines,2018,7746,Storm
VNM,Vietnam,2018,54,Storm
IDN,Indonesia,2018,307,Storm